id,category,format,real_use_cases,avg_words,score,short_(<10w),generic_or_duplicate,vague,verdict,weakest_titles
sidebar-mini,navigation,text,6,5.2,0.17,6,2,0,THIN,"Dashboards | Admin panels"
scroll-horizontal-pin,scroll,text,6,6,0.17,6,5,0,THIN,"Galleries | Case studies"
scroll-zoom-hero,scroll,text,6,5.8,0.17,6,3,0,THIN,"Landing openers | Editorial"
scroll-reveal-grid,scroll,text,6,5,0.17,6,2,0,THIN,"Portfolios | Feature sections"
scroll-skew-velocity,scroll,text,6,5.8,0.17,6,4,1,THIN,"Marquees | Galleries"
scroll-pin-steps,scroll,text,6,5.3,0.17,6,2,0,THIN,"How it works | Onboarding"
scroll-split-panels,scroll,text,6,5.3,0.17,6,4,0,THIN,"Product launches | Editorial"
scroll-sticky-stack,scroll,text,6,4.7,0.17,6,2,0,THIN,"How it works | Feature stories"
scroll-gallery-pin,scroll,text,6,5.3,0.17,6,2,0,THIN,"Portfolios | Photography"
scroll-timeline-dots,scroll,text,6,5,0.17,6,2,0,THIN,"Company history | Roadmaps"
scroll-blur-focus,scroll,text,6,5.7,0.17,6,3,0,THIN,"Editorial | Quotes"
scroll-rotate-gallery,scroll,text,6,5.3,0.17,6,2,0,THIN,"Showcases | Galleries"
apexcharts-sparkline-kpi-cards,charts,text,5,5.8,0.2,5,1,5,THIN,"Admin panels | Trading and crypto UIs"
apexcharts-donut-live-center-total,charts,text,5,5.2,0.2,5,0,5,THIN,"Personal finance apps | Cloud cost dashboards"
embla-carousel-arrows-dots-keyboard,carousels,text,5,6,0.2,5,0,4,THIN,"Travel and real-estate galleries | Product highlights"
embla-carousel-variable-width-drag-free,carousels,text,5,5.4,0.2,5,0,5,THIN,"Tag rows | Story or avatar rows"
huffman-coding-tree-visualizer,visualizers,text,5,6,0.2,5,1,4,THIN,"Algorithms courses | Interview preparation"
big-o-complexity-growth-visualizer,visualizers,text,5,5.8,0.2,5,1,4,THIN,"Learning Big-O | Interview preparation"
matter-js-rope-bridge-cut,animations,text,5,5.4,0.2,5,0,5,THIN,"Interactive illustrations | Game jam starters"
matter-js-ball-pit-hero,animations,text,5,5.8,0.2,5,3,5,THIN,"SaaS landing pages | Product launches"
laptop-mockup,layouts,text,6,7.5,0.25,6,4,1,THIN,"SaaS landing pages | Portfolios"
scroll-svg-path-draw,scroll,text,6,5.3,0.25,6,1,1,THIN,"Roadmaps | Timelines"
onboarding-day-one-checklist,dashboards,text,6,5.7,0.25,6,0,2,THIN,"Remote new-hire kits | Manager onboarding plans"
geolocation-accuracy-map,dashboards,text,6,6.5,0.25,6,1,4,THIN,"Delivery tracking UIs | Accessibility/testing tools"
storage-quota-meter,dashboards,text,6,5.7,0.25,6,0,4,THIN,"PWA storage settings | Data-heavy dashboards"
rank-tier-badge,cards,text,6,5,0.25,6,0,3,THIN,"Competitive game UIs | Loyalty/rewards tiers"
scroll-direction-theme-shift,scroll,text,6,6.2,0.25,6,4,3,THIN,"Portfolio sites | Product landing pages"
pricing-compare-matrix-grid,pricing,text,6,6.7,0.25,6,2,1,THIN,"SaaS pricing pages | Enterprise sales collateral"
canvas-boids-flocking,animations,text,6,6.2,0.25,6,1,3,THIN,"AI/simulation teaching demos | Data/nature-themed landing pages"
canvas-kaleidoscope-drawing,animations,text,6,5.3,0.25,6,0,3,THIN,"Creative/art tool pages | Kids/educational sites"
apexcharts-gantt-range-bar-timeline,charts,text,5,6,0.3,5,0,5,THIN,"Project planning | Event planning"
embla-carousel-autoplay-progress,carousels,text,5,6.2,0.3,5,0,5,THIN,"Event screens | Onboarding tips"
dijkstra-shortest-path-visualizer,visualizers,text,5,6.6,0.3,5,1,5,THIN,"Interview preparation | Game development"
binary-heap-priority-queue-visualizer,visualizers,text,5,6.2,0.3,5,1,4,THIN,"Interview preparation | Heap sort"
bfs-dfs-graph-traversal-visualizer,visualizers,text,5,5.6,0.3,5,0,4,THIN,"Web crawlers and social graphs | Compiler and build tools"
flex-grow-shrink-distribution-visualizer,visualizers,text,5,5.8,0.3,5,1,4,THIN,"Teaching CSS | Interview preparation"
sliding-window-two-pointer-visualizer,visualizers,text,5,5.8,0.3,5,0,5,THIN,"Learning algorithm patterns | Teaching complexity"
scroll-velocity-marquee,scroll,text,6,7.7,0.33,6,4,0,THIN,"Agency landing pages | Portfolio sites"
wavy-background,animations,text,6,6.5,0.33,6,4,0,THIN,"Landing-page heroes | Music and audio sites"
glowing-stars-card,cards,text,6,5.8,0.33,6,1,0,THIN,"Premium tiers | Launch sections"
magnetic-grid,animations,text,6,5.3,0.33,6,1,1,THIN,"Interactive heroes | Dev-tool sites"
particle-network,animations,text,6,6.5,0.33,6,3,1,THIN,"Tech landing heroes | AI and platform pages"
dot-pattern,animations,text,6,6.7,0.33,6,3,0,THIN,"Dev-tool heroes | Docs landing pages"
tilt-glow-card,cards,text,6,6.3,0.33,6,2,0,THIN,"Pricing tiers | Product showcases"
avatar-status-list,cards,text,6,5.5,0.33,6,1,0,THIN,"Chat apps | Collaboration"
progress-circle-steps,loaders,text,6,5,0.33,6,1,0,THIN,"Onboarding | Wizards"
mega-cta-banner,heroes,text,6,5.2,0.33,6,0,0,THIN,"Waitlists | Newsletters"
scroll-text-clip-reveal,scroll,text,6,6,0.33,6,3,0,THIN,"Storytelling | About pages"
scroll-parallax-layers,scroll,text,6,5.7,0.33,6,2,0,THIN,"Hero scenes | Landing depth"
scroll-color-sections,scroll,text,6,6,0.33,6,3,0,THIN,"Product pages | Portfolios"
scroll-perspective-cards,scroll,text,6,6,0.33,6,3,0,THIN,"Galleries | Storytelling"
scroll-fade-stack,scroll,text,6,5.3,0.33,6,2,0,THIN,"Storytelling | Quotes"
locomotive-scroll-sections,scroll,text,6,5.8,0.33,6,3,2,THIN,"Agency landing pages | Portfolio sites"
mortgage-payment-breakdown,charts,text,6,7,0.33,6,1,4,THIN,"Real estate listing sites | Personal finance apps"
menu-item-customizer,cards,text,6,6.3,0.33,6,0,2,THIN,"Coffee shop apps | Product configurators"
lesson-sidebar-nav,navigation,text,6,5.3,0.33,6,1,3,THIN,"Onboarding tracks | Documentation sites"
quiz-result-breakdown,dashboards,text,6,6.2,0.33,6,0,4,THIN,"Onboarding knowledge checks | Hiring assessments"
interview-scheduler-form,forms,text,6,5.7,0.33,6,1,3,THIN,"Recruiting coordination | Panel interview booking"
fullscreen-toggle-button,buttons,text,6,6,0.33,6,1,4,THIN,"Dashboards | Presentations"
seller-rating-breakdown,charts,text,6,6.2,0.33,6,0,3,THIN,"Marketplace seller pages | Product review sections"
hero-stats-counter-row,heroes,text,6,5.8,0.33,6,1,5,THIN,"Investor and about pages | Open source project pages"
hero-code-window-showcase,heroes,text,6,6,0.33,6,1,2,THIN,"Developer tool and API landing pages | Open source project pages"
hero-carousel-rotating-bg,heroes,text,6,5.5,0.33,6,0,5,THIN,"Real estate listing heroes | Event and venue landing pages"
canvas-fractal-tree,animations,text,6,6.5,0.33,6,1,6,THIN,"Nature/eco brand landing pages | Portfolio pieces"
canvas-generative-pattern,animations,text,6,6.8,0.33,5,2,4,THIN,"Design/print product pages | Portfolio pieces"
canvas-metaball-blobs,animations,text,6,6.5,0.33,6,1,5,THIN,"Loading/idle screens | Science/biotech landing pages"
canvas-rope-physics,animations,text,6,6.3,0.33,6,2,3,THIN,"Educational tools | Loading/idle screens"
apexcharts-weekly-activity-heatmap,charts,text,5,6.8,0.4,5,0,5,THIN,"Retail footfall | Support staffing"
apexcharts-annotations-target-lines,charts,text,5,6.6,0.4,5,0,5,THIN,"Health tracking | SRE and uptime dashboards"
pdfjs-text-search-highlight,tools,text,5,5.4,0.4,5,0,4,THIN,"Compliance review | Knowledge bases"
sheetjs-table-excel-export-import,tools,text,5,6,0.4,5,1,5,THIN,"Admin dashboards | Reporting tools"
turndown-html-to-markdown-converter,tools,text,5,6,0.4,5,0,4,THIN,"Note-taking apps | Chat and AI tools"
matter-js-stacking-tower-game,games,text,5,5.4,0.4,5,0,1,THIN,"Game jam starters | Learning Matter.js"
matter-js-collision-filter-categories,visualizers,text,5,6.2,0.4,5,0,4,THIN,"Learning Matter.js | Game design"
timeline-chart,charts,text,6,6.2,0.42,6,0,4,THIN,"Campaign planning | Release timelines"
logo-marquee,animations,text,6,6.5,0.42,6,1,2,THIN,"Social proof sections | Agency sites"
background-boxes,animations,text,6,6.5,0.42,6,3,1,THIN,"Interactive heroes | Event microsites"
parallax-tilt-card,cards,text,6,5.7,0.42,6,1,2,THIN,"Collectible cards | Featured content"
flickering-grid,animations,text,6,6,0.42,6,2,1,THIN,"Developer sites | Dashboards"
matter-confetti-cannon,animations,text,6,6.2,0.42,6,0,1,THIN,"Achievement unlocks | Physics playgrounds"
gsap-scroll-number-counter,scroll,text,6,7.5,0.42,6,3,3,THIN,"Dashboards | Case studies"
canvas-fluid-cursor-trail,animations,text,6,6.5,0.42,5,1,2,THIN,"Hero backgrounds | Interactive portfolios"
canvas-mesh-gradient-bg,animations,text,6,6.8,0.42,6,0,3,THIN,"Portfolio/agency sites | Card and panel backgrounds"
skills-assessment-radar,charts,text,6,5.5,0.42,6,0,4,THIN,"Player/character stats | Product comparisons"
package-tracking-map,dashboards,text,6,6.3,0.42,6,1,3,THIN,"Logistics dashboards | Marketplace order history"
consent-audit-log,tables,text,6,6.3,0.42,6,1,3,THIN,"GDPR/CCPA record-keeping | Cookie consent systems"
habit-tracker-grid,dashboards,text,6,6,0.42,6,1,1,THIN,"Gamified onboarding | Wellness apps"
compression-stream-demo,visualizers,text,6,6.7,0.42,6,0,3,THIN,"IndexedDB storage savings | Clipboard/export tools"
auction-bid-ticker,dashboards,text,6,5.5,0.42,6,0,1,THIN,"Charity/fundraiser bidding | Sneaker/collectible drops"
idle-callback-task-scheduler,visualizers,text,6,7.2,0.42,6,1,3,THIN,"Admin dashboards | Search index warming"
air-quality-index-gauge,charts,text,6,6.3,0.42,6,1,2,THIN,"Weather dashboards | Travel/outdoor activity apps"
scroll-milestone-confetti,scroll,text,6,7.7,0.42,6,1,5,THIN,"Onboarding tours | Product changelogs"
pricing-cost-per-user-breakdown,pricing,text,6,6.8,0.42,6,0,3,THIN,"Team and workspace pricing | Alongside a seat calculator"
hero-before-after-slider,heroes,text,6,6.7,0.42,6,0,5,THIN,"Home improvement services | Photo/video editing tools"
hero-interactive-3d-tilt,heroes,text,6,7,0.42,6,0,4,THIN,"Premium/luxury product pages | Interactive UI showcases"
canvas-noise-terrain,animations,text,6,7,0.42,6,2,4,THIN,"Portfolio pieces | Loading/idle screens"
canvas-water-ripple-simulation,animations,text,6,5.8,0.42,6,1,2,THIN,"Portfolio pieces | Relaxation/wellness apps"
echarts-treemap-storage-breakdown,charts,text,6,7.2,0.42,6,1,4,THIN,"Budget and cost breakdowns | Learning ECharts"
rating-breakdown,cards,desc,4,7,0.5,4,0,4,THIN,"Product Pages | Course Platforms"
currency-converter,tools,desc,4,7.3,0.5,4,0,4,THIN,"Finance Dashboards | Travel Apps"
subscription-widget,forms,desc,4,7.8,0.5,4,1,2,THIN,"Developer Tools | Newsletter Signups"
image-hotspot,media,desc,4,8.5,0.5,4,0,4,THIN,"Shoppable Images | Hardware Explainers"
pyramid-chart,charts,text,6,7,0.5,6,0,5,THIN,"Win/loss by category | Demographics"
bump-chart,charts,text,6,6.3,0.5,6,0,4,THIN,"League and sports tables | Poll and election tracking"
testimonial-wall,cards,text,6,6.7,0.5,6,3,0,THIN,"Landing-page social proof | Agency sites"
shimmer-button,buttons,text,6,6.3,0.5,6,3,0,THIN,"AI product landing pages | Pricing cards"
animated-grid-background,animations,text,6,6.7,0.5,6,3,0,THIN,"Infrastructure sites | Docs landing pages"
wobble-card,cards,text,6,6.2,0.5,6,2,1,THIN,"Product highlights | Landing CTAs"
3d-marquee,animations,text,6,7,0.5,6,2,2,THIN,"Agency landing pages | Event microsites"
typing-code,animations,text,6,6.5,0.5,6,1,1,THIN,"Landing demos | Onboarding"
interactive-hover-button,buttons,text,6,6,0.5,6,2,0,THIN,"Hero actions | Pricing buttons"
hover-expand-gallery,media,text,6,6,0.5,6,1,0,THIN,"Travel & portfolio | Feature reveals"
sticky-cta-footer,footers,text,6,5.8,0.5,6,0,0,THIN,"Top + bottom combo | Exit recovery"
image-zoom-card,cards,text,6,5.7,0.5,6,1,0,THIN,"Lens alternative | Galleries"
flip-countdown,animations,text,6,6,0.5,6,0,0,THIN,"Launch pages | Sales"
scroll-3d-cards,scroll,text,6,5.8,0.5,6,1,0,THIN,"Pricing | Portfolios"
scroll-image-mask,scroll,text,6,5.8,0.5,6,3,0,THIN,"Editorial | Galleries"
barba-page-transition-demo,animations,text,6,6.7,0.5,6,3,2,THIN,"Portfolio case studies | Agency sites"
paper-js-vector-blob,animations,text,6,6.8,0.5,6,1,2,THIN,"Brand moments | Cursor-reactive comparisons"
gsap-text-scramble-scroll,scroll,text,6,6.8,0.5,6,2,2,THIN,"Hero headlines | Stat callouts"
canvas-fireworks-physics,animations,text,6,6.2,0.5,6,1,0,THIN,"New Year / holiday landing pages | Product launch pages"
candidate-pipeline-kanban,dashboards,text,6,6.2,0.5,6,0,3,THIN,"Onboarding trackers | Event RSVP triage"
offer-letter-preview,cards,text,6,6.3,0.5,6,1,2,THIN,"Recruiting platforms | Internal mobility offers"
delivery-eta-card,cards,text,6,6.7,0.5,6,1,2,THIN,"Order confirmation pages | Dashboards"
gdpr-data-request-form,forms,text,6,5.5,0.5,6,1,2,THIN,"Consent management platforms | Cookie/privacy centers"
background-sync-status,dashboards,text,6,5.8,0.5,6,2,1,THIN,"Offline-first forms | Ops/connectivity dashboards"
cohort-retention-heatmap,charts,text,6,6,0.5,6,0,4,THIN,"Growth dashboards | Onboarding analysis"
goal-progress-ring,dashboards,text,6,6.5,0.5,6,0,4,THIN,"Learning platforms | Fundraising pages"
page-visibility-indicator,dashboards,text,6,5.8,0.5,6,0,3,THIN,"Battery-conscious apps | Presence indicators"
broadcast-channel-sync-demo,visualizers,text,6,6,0.5,6,0,4,THIN,"Shopping carts | Theme/preference sync"
uv-index-meter,charts,text,6,6.2,0.5,6,1,3,THIN,"Weather apps | Sunscreen/wellness product pages"
scroll-velocity-blur,scroll,text,6,7.7,0.5,6,1,4,THIN,"Portfolio sites | Long-scroll editorial"
cursor-spotlight-reveal,animations,text,6,7.7,0.5,6,0,4,THIN,"Learning CSS masking | Landing page reveals"
cursor-trail-particle-brush,animations,text,6,6.2,0.5,6,0,2,THIN,"Creative coding demos | Portfolio interactive backgrounds"
pricing-free-trial-signup-card,pricing,text,6,7.3,0.5,6,1,3,THIN,"Post-trial reminders | Onboarding flows"
pricing-hidden-fees-breakdown,pricing,text,6,7.8,0.5,6,1,4,THIN,"SaaS pricing pages | Checkout fee transparency"
hero-scroll-cue-arrow,heroes,text,6,6,0.5,6,1,2,THIN,"Portfolio and case-study heroes | Product launch pages"
hero-countdown-launch,heroes,text,6,6,0.5,6,1,2,THIN,"Product launch pages | App store launch pages"
konva-interactive-node-graph,dashboards,text,5,7,0.5,5,0,4,THIN,"Dependency graph viewers | Service / infra topology maps"
matter-js-physics-playground,animations,text,5,6,0.5,5,0,4,THIN,"Interactive backgrounds | Game prototyping"
range-area-chart,charts,text,6,6.7,0.58,6,0,4,THIN,"Best/worst case | Confidence intervals"
browser-window,layouts,text,6,8.2,0.58,6,2,1,THIN,"Product showcases | Portfolio pieces"
mobile-profile-screen,mobile,text,6,7.2,0.58,6,2,1,THIN,"Settings UIs | Onboarding flows"
feature-tabs-showcase,layouts,text,6,6.8,0.58,6,2,1,THIN,"SaaS landing pages | App marketing"
liquid-button,buttons,text,6,6.2,0.58,6,1,1,THIN,"Landing heroes | Creative portfolios"
container-scroll,scroll,text,6,6.7,0.58,6,2,1,THIN,"Product launches | App marketing"
hero-parallax-grid,scroll,text,6,6,0.58,6,2,2,THIN,"Agency landing pages | Product showcases"
expandable-card,cards,text,6,6.2,0.58,6,0,1,THIN,"App and integration grids | FLIP animation demos"
drag-scroll-row,carousels,text,6,6.5,0.58,6,2,1,THIN,"Image galleries | Dashboards"
border-beam,cards,text,6,6.5,0.58,6,1,1,THIN,"AI product cards | Dashboard widgets"
aurora-text,animations,text,6,6.8,0.58,6,2,1,THIN,"Hero headlines | Section titles"
ripple-background,animations,text,6,6.5,0.58,6,1,2,THIN,"Launch announcements | Event microsites"
box-reveal,animations,text,6,6.5,0.58,6,1,1,THIN,"Section titles | Reveal demos"
mobile-camera-screen,mobile,text,6,7.2,0.58,6,2,1,THIN,"Story creation | App mockups"
mobile-search-screen,mobile,text,6,6.5,0.58,6,1,1,THIN,"Autocomplete | App mockups"
pixi-particle-field,animations,text,6,8,0.58,6,1,4,THIN,"Music and event visuals | High-density hero backgrounds"
d3-force-bubbles,charts,text,6,7,0.58,6,0,4,THIN,"Survey and poll results | Traffic and attribution"
canvas-confetti-burst,buttons,text,6,7,0.58,6,0,2,THIN,"Onboarding completion | Gamified progress"
swup-page-transition-demo,animations,text,6,7.3,0.58,6,2,2,THIN,"Agency sites | Design reviews"
lottie-hover-icon-button,buttons,text,6,6.8,0.58,6,0,1,THIN,"Notification actions | Asset-independence pattern"
howler-audio-player-visualizer,media,text,6,5.8,0.58,6,0,1,THIN,"Voice note playback | Real waveform upgrade path"
tone-js-synth-pad,media,text,6,6.2,0.58,6,0,4,THIN,"Onboarding easter eggs | Music toy widgets"
canvas-wave-background,animations,text,6,7.3,0.58,6,0,3,THIN,"Companion to ripple effects | SaaS and product hero sections"
canvas-star-trail-cursor,animations,text,6,6.8,0.58,6,0,1,THIN,"Portfolio and creative sites | Special occasion micro-sites"
clipboard-paste-button,buttons,text,6,8.3,0.58,6,1,3,THIN,"Dashboards | Tracking number / code fields"
local-font-picker,forms,text,6,7.7,0.58,6,0,5,THIN,"Design and creative tools | Document editors"
table-reservation-form,forms,text,6,6.5,0.58,6,0,3,THIN,"Salon & spa apps | Event RSVPs"
document-signature-flow,forms,text,6,5.8,0.58,6,0,1,THIN,"Consent forms | Field service apps"
payment-request-button,buttons,text,6,6.7,0.58,6,0,1,THIN,"Account-gated purchases | Subscription upsells"
ab-test-results-card,cards,text,6,6.8,0.58,6,1,4,THIN,"Pricing pages | Growth experiments"
color-palette-extractor,tools,text,6,7.7,0.58,6,0,5,THIN,"Design tools | Branding kits"
typography-scale-preview,visualizers,text,6,7.2,0.58,6,0,5,THIN,"Design system docs | Brand style guides"
view-transition-page-nav,navigation,text,6,7,0.58,6,2,3,THIN,"Settings panels | Product catalogs"
expense-split-calculator,tools,text,6,7.2,0.58,6,0,4,THIN,"Event/party cost sharing | Group dinners"
loyalty-tier-progress,dashboards,text,6,6.8,0.58,6,0,3,THIN,"Subscription/membership apps | Gamified onboarding"
scroll-linked-audio-scrub,scroll,text,6,6,0.58,6,0,1,THIN,"Interactive articles | Progress indicators"
scroll-svg-line-chart-draw,scroll,text,6,7.3,0.58,6,2,3,THIN,"Case studies | Marketing landing pages"
scroll-3d-flip-reveal,scroll,text,6,8.5,0.58,5,1,5,THIN,"Portfolios | Feature reveals"
hero-parallax-mouse-layers,heroes,text,6,7,0.58,6,0,4,THIN,"Premium/luxury brand pages | Portfolio and agency heroes"
echarts-radar-skill-comparison,charts,text,6,7.2,0.58,5,1,3,THIN,"Player or character stats | Hiring and performance reviews"
leaflet-location-picker,forms,text,6,6.8,0.58,6,0,2,THIN,"Ride-share pickup location pickers | Event or venue location setup"
floating-ui-anchored-popover-scroll,modals,text,6,7.8,0.58,6,0,5,THIN,"Team and people directory lists | Data table row details"
konva-drag-drop-shapes,misc,text,5,7.6,0.6,5,0,4,THIN,"Diagram / flowchart editors | Floor plan / layout tools"
snap-svg-morphing-icon-button,buttons,text,5,7.4,0.6,5,0,2,THIN,"Mobile nav toggles | Form submit confirmation"
apexcharts-radialbar-goal-rings,charts,text,5,7,0.6,5,0,4,THIN,"Fitness and health apps | Project health"
apexcharts-theme-toggle-export,charts,text,5,6.8,0.6,5,0,4,THIN,"Dashboards with dark mode | Reporting tools"
pdfjs-viewer-thumbnails-zoom,media,text,5,6,0.6,5,0,3,THIN,"Internal dashboards | E-learning"
email-inbox,layouts,text,6,7,0.67,6,1,2,THIN,"Support ticket queues | Admin record lists"
page-minimap,navigation,text,6,7.3,0.67,6,1,2,THIN,"Landing pages | Dashboards and reports"
stacked-area-chart,charts,text,6,8.3,0.67,6,1,2,THIN,"Analytics dashboards | Resource allocation"
grouped-bar-chart,charts,text,6,7.5,0.67,6,0,4,THIN,"A/B and variant results | Team or region performance"
floating-pill-nav,navigation,text,6,7.7,0.67,6,2,0,THIN,"SaaS landing pages | Portfolios"
hover-image-trail,animations,text,6,6.3,0.67,6,1,0,THIN,"Agency landing pages | Interactive headers"
text-generate,animations,text,6,6.7,0.67,6,1,0,THIN,"AI product headlines | Reveal-on-scroll demos"
animated-beam,animations,text,6,6.2,0.67,6,0,2,THIN,"SVG animation demos | Data pipeline diagrams"
lamp-header,heroes,text,6,7.5,0.67,5,3,0,THIN,"Event microsites | Portfolio intros"
glow-input,forms,text,6,6.5,0.67,6,1,0,THIN,"Settings panels | Contact forms"
focus-cards,cards,text,6,6.3,0.67,6,1,0,THIN,"Image galleries | Portfolio work"
direction-aware-hover,cards,text,6,6.5,0.67,6,1,0,THIN,"Image collections | Hover effect demos"
canvas-reveal-card,scroll,text,6,6.2,0.67,6,1,1,THIN,"Product benefits | Portfolio capabilities"
hover-reveal-list,navigation,text,6,6.5,0.67,6,0,2,THIN,"Cursor-follow demos | Case-study menus"
gooey-text,animations,text,6,6.3,0.67,6,0,3,THIN,"Feature rotators | Brand statements"
pulse-button,buttons,text,6,6.7,0.67,6,0,2,THIN,"Notification prompts | Live and record buttons"
radial-menu,navigation,text,6,6.3,0.67,6,0,2,THIN,"Canvas and editor tools | Quick actions"
text-reveal-scroll,scroll,text,6,6.2,0.67,6,1,2,THIN,"Product narratives | About pages"
number-ticker,animations,text,6,6,0.67,6,2,0,THIN,"Dashboards | Pricing pages"
animated-toggle-group,forms,text,6,5.8,0.67,6,0,0,THIN,"Pricing periods | Tabbed content"
spotlight-product-card,cards,text,6,6.2,0.67,6,0,0,THIN,"Store grids | Pricing"
skeleton-profile,loaders,text,6,6,0.67,6,1,0,THIN,"Profile pages | Dashboards"
breadcrumb-dropdown,navigation,text,6,6.3,0.67,6,1,0,THIN,"Nested nav | Dashboards"
rating-stars-input,forms,text,6,5.7,0.67,6,0,0,THIN,"Order feedback | Aggregate views"
feature-checklist,cards,text,6,6,0.67,6,1,0,THIN,"Onboarding | Task lists"
glass-stat-card,dashboards,text,6,6,0.67,6,1,0,THIN,"Dashboards | Metric rows"
mobile-settings-screen,mobile,text,6,7,0.67,6,2,0,THIN,"App settings pages | App mockups"
mobile-feed-screen,mobile,text,6,7,0.67,6,2,0,THIN,"Story features | App mockups"
mobile-fitness-screen,mobile,text,6,7,0.67,6,1,0,THIN,"Streak features | App mockups"
mobile-stories-viewer,mobile,text,6,7.3,0.67,6,2,0,THIN,"Onboarding tours | App mockups"
splide-thumbnail-gallery,carousels,text,6,8.3,0.67,5,2,3,THIN,"Product detail pages | Portfolio case studies"
odometer-stat-counter,dashboards,text,6,8.2,0.67,5,2,2,THIN,"Admin dashboards | Live event dashboards"
rive-interactive-icon,animations,text,6,6.5,0.67,6,0,3,THIN,"Onboarding illustrations | Interactive icons"
gsap-flip-layout-transition,animations,text,6,7.5,0.67,6,1,3,THIN,"Dashboard widgets | Filterable galleries"
gsap-scroll-pin-gallery-snap,scroll,text,6,7.3,0.67,6,2,1,THIN,"Product showcases | Onboarding tours"
canvas-audio-bars,media,text,6,8.2,0.67,5,1,4,THIN,"Podcast or music app UI | Voice recording tools"
canvas-noise-texture-bg,animations,text,6,7.5,0.67,6,0,4,THIN,"Dark hero sections | Editorial / film / photography brands"
badging-api-demo,buttons,text,6,7.8,0.67,6,1,2,THIN,"Notification-heavy dashboards | Messaging and email PWAs"
readability-score-gauge,dashboards,text,6,7,0.67,6,0,4,THIN,"Email and newsletter tools | Documentation platforms"
itinerary-day-timeline,dashboards,text,6,6.8,0.67,5,0,2,THIN,"Booking confirmations | Onboarding docs"
hotel-room-picker,cards,text,6,6.7,0.67,6,1,2,THIN,"Hotel booking sites | Vacation rentals"
resume-upload-dropzone,forms,text,6,5.8,0.67,6,0,0,THIN,"General document uploads | Grant or scholarship applications"
screen-orientation-lock-toggle,buttons,text,6,7,0.67,6,0,4,THIN,"Mobile games | Video players"
push-subscription-toggle,buttons,text,6,7.8,0.67,6,1,3,THIN,"Onboarding flows | PWA feature checklists"
resize-observer-card,cards,text,6,7,0.67,6,0,4,THIN,"Responsive card layouts | Chart/canvas containers"
scroll-snap-peek-carousel,carousels,text,6,7,0.67,6,0,2,THIN,"Onboarding screens | Portfolio carousels"
pricing-cancel-retention-offer,pricing,text,6,6.8,0.67,6,0,2,THIN,"Billing settings pages | Streaming and membership services"
hero-social-proof-logos,heroes,text,6,7.7,0.67,6,0,4,THIN,"B2B SaaS landing pages | Case study landing pages"
hero-split-screen-form,heroes,text,6,7.7,0.67,5,0,5,THIN,"Course or membership signup | Product-led growth funnels"
echarts-stacked-area-traffic,charts,text,6,7.8,0.67,5,1,5,THIN,"Learning ECharts | Marketing analytics dashboards"
tippy-dropdown-menu-submenus,navigation,text,6,6.7,0.67,5,0,3,THIN,"File and document management UIs | Content management systems"
fabric-js-sticky-note-board,dashboards,text,5,8.2,0.7,5,0,3,THIN,"Kanban-style planning | Retro / standup boards"
progress-wizard,navigation,desc,4,8.8,0.75,3,0,4,THIN,"Signup Onboarding | Product Setup"
location-card,cards,desc,4,9.5,0.75,3,0,4,THIN,"Contact Pages | Event Listings"
lollipop-chart,charts,text,6,7.5,0.75,6,0,3,THIN,"Survey results | Category comparisons"
orbit-loader,loaders,text,6,7.2,0.75,6,0,3,THIN,"Splash and boot screens | Data-fetch placeholders"
avatar-generator,tools,text,6,6.8,0.75,6,0,2,THIN,"Seed data and demos | Learning hashing"
app-store-card,mobile,text,6,7.8,0.75,5,2,1,THIN,"Landing pages | Product showcases"
paywall-screen,mobile,text,6,7.5,0.75,6,1,1,THIN,"Pricing pages | Learning conversion UI"
status-pill,cards,text,6,7,0.75,6,1,1,THIN,"Chat and messaging apps | Learning dropdowns"
meteor-card,cards,text,6,6.8,0.75,6,0,1,THIN,"Space-themed sites | CSS effect demos"
instagram-gallery,media,text,6,7.3,0.75,6,1,1,THIN,"Profile photo grids | Lightbox demos"
scroll-timeline-beam,scroll,text,6,6.7,0.75,6,1,1,THIN,"Case studies | Process explainers"
retro-grid,heroes,text,6,6.5,0.75,6,1,1,THIN,"Event microsites | CSS perspective demos"
announcement-bar,navigation,text,6,6.5,0.75,6,0,1,THIN,"Banner demos | Event reminders"
like-burst-button,buttons,text,6,6,0.75,6,0,1,THIN,"Comment upvotes | Particle demos"
mobile-checkout-screen,mobile,text,6,6.8,0.75,6,1,1,THIN,"App mockups | Learning cart math"
mobile-banking-screen,mobile,text,6,7,0.75,6,1,1,THIN,"App mockups | Learning card UI"
mobile-food-order-screen,mobile,text,6,7.7,0.75,6,1,1,THIN,"App mockups | Learning cart state"
mobile-notifications-screen,mobile,text,6,6.7,0.75,6,1,1,THIN,"App mockups | Learning delegation"
tsparticles-hero,heroes,text,6,7.7,0.75,6,0,3,THIN,"SaaS and product heroes | Event and launch pages"
splitting-css-stagger,animations,text,6,8.8,0.75,5,1,3,THIN,"Hero headlines | Interactive typography"
scrollama-story-steps,scroll,text,6,8.3,0.75,5,1,4,THIN,"Case studies | Product explainers"
webgl-gradient-shader-bg,animations,text,6,7.3,0.75,5,0,1,THIN,"Teaching raw WebGL fundamentals | Brand/product marketing sites"
file-system-save-dialog,buttons,text,6,8,0.75,6,0,3,THIN,"Note or draft export tools | Report generation"
sla-countdown-badge,dashboards,text,6,7.5,0.75,5,1,1,THIN,"Support ticket queues | Customer success platforms"
flight-status-tracker,dashboards,text,6,7,0.75,6,0,3,THIN,"Airport kiosks | Email confirmations"
restaurant-order-status,dashboards,text,6,6.2,0.75,6,0,1,THIN,"Food delivery apps | Coffee shop apps"
rental-car-comparison-card,cards,text,6,6.3,0.75,6,0,1,THIN,"Peer-to-peer rental apps | Corporate travel tools"
insurance-quote-calculator,tools,text,6,7.5,0.75,5,1,4,THIN,"Landing pages | Financial education"
return-label-generator,tools,text,6,6.5,0.75,6,0,1,THIN,"Order history dashboards | Customer support tools"
webauthn-security-key-prompt,buttons,text,6,6.2,0.75,6,0,1,THIN,"Auth method comparisons | Account settings pages"
network-information-badge,dashboards,text,6,7.2,0.75,5,1,3,THIN,"Ops dashboards | Data-conscious apps"
spacing-scale-visualizer,visualizers,text,6,7.7,0.75,5,0,5,THIN,"Design system docs | Onboarding new hires"
two-factor-setup-flow,forms,text,6,7.2,0.75,6,0,3,THIN,"Account security settings | SaaS admin panels"
session-device-list,dashboards,text,6,6.7,0.75,6,0,3,THIN,"Account security settings | SaaS admin panels"
scroll-number-odometer,scroll,text,6,8,0.75,4,2,3,THIN,"Data-heavy dashboards | Milestone stats"
long-press-confirm-radial,buttons,text,6,7.2,0.75,6,0,1,THIN,"Unlock gestures | Alarm and timer dismiss"
shake-to-undo,buttons,text,6,7.7,0.75,6,0,3,THIN,"Note and email apps | Form and draft recovery"
multi-touch-gesture-badge,mobile,text,6,6.3,0.75,6,0,1,THIN,"Game input prototyping | Gesture debugging"
drag-to-reveal-panel,navigation,text,6,6.3,0.75,6,0,1,THIN,"Comparison with resize panels | Filter and settings panels"
pricing-student-discount-card,pricing,text,6,8,0.75,6,0,3,THIN,"Education-focused SaaS | Nonprofit tooling"
pricing-annual-vs-monthly-chart,pricing,text,6,8.2,0.75,6,0,3,THIN,"Pricing page justification | Sales enablement decks"
pricing-value-metric-toggle,pricing,text,6,7.3,0.75,6,0,3,THIN,"Hybrid pricing SaaS | Sales engineering tools"
leaflet-draw-radius-selector,misc,text,6,7.5,0.75,5,0,2,THIN,"Broadcast or signal coverage estimators | Store or franchise territory planning"
leaflet-heatmap-density-layer,charts,text,6,7.3,0.75,5,0,4,THIN,"Foot traffic and retail analytics | Crime and safety density maps"
leaflet-layer-comparison-slider,misc,text,6,8,0.75,5,0,4,THIN,"Urban planning and development visualization | Before/after satellite or aerial imagery"
toastify-notification-stack-undo,modals,text,6,8,0.75,5,0,3,THIN,"Email and messaging clients | List and table row deletion"
promise-combinators-visualizer,visualizers,text,5,7.8,0.8,4,0,2,THIN,"Teaching and interviews | Fallback mirrors"
json-tree,tables,text,6,7.5,0.83,6,0,2,THIN,"Config and settings editors | Learning recursion + DOM"
sunburst-chart,charts,text,6,7.8,0.83,5,0,4,THIN,"Budget composition | Portfolio allocation"
donut-progress,charts,text,6,7.3,0.83,6,0,2,THIN,"Scores and ratings | Learning SVG rings"
shadow-generator,tools,text,6,7.3,0.83,6,0,2,THIN,"Component styling | Prototyping depth"
volume-control,forms,text,6,7.8,0.83,6,1,0,THIN,"Settings panels | Media players"
density-toggle,tables,text,6,7.8,0.83,6,1,0,THIN,"Admin dashboards | Email and inbox UIs"
animated-gradient-cta,heroes,text,6,7,0.83,6,1,0,THIN,"Product launches | Landing-page footers"
stacking-scroll-cards,scroll,text,6,6.7,0.83,6,1,0,THIN,"Case studies | How-it-works sections"
sparkles-text,animations,text,6,6.7,0.83,6,1,0,THIN,"Magical hero headlines | AI product titles"
glare-card,cards,text,6,6.2,0.83,6,0,0,THIN,"Premium pricing tiers | NFT and collectibles"
evervault-card,cards,text,6,7,0.83,6,1,0,THIN,"Developer tools | Security product pages"
flip-link,animations,text,6,6,0.83,6,1,0,THIN,"Agency sites | Editorial navigation"
nested-dropdown,navigation,text,6,6,0.83,6,0,1,THIN,"File browsers | App menu bars"
shiny-text,animations,text,6,7,0.83,6,0,0,THIN,"Text effect demos | Announcement badges"
action-sheet,modals,text,6,6.3,0.83,6,0,0,THIN,"Destructive confirmations | Mobile option menus"
gradient-stat-ring,charts,text,6,7.2,0.83,6,1,0,THIN,"Dashboards | Usage meters"
floating-label-select,forms,text,6,6.2,0.83,6,1,0,THIN,"Onboarding | Signup forms"
chip-multiselect,forms,text,6,6,0.83,6,0,0,THIN,"Autocomplete | Tagging"
scroll-hero-exit,scroll,text,6,9.3,0.83,3,4,0,THIN,"Product launches | App marketing"
mobile-chat-screen,mobile,text,6,7.8,0.83,6,1,0,THIN,"App mockups | Messaging apps"
mobile-music-player-screen,mobile,text,6,7.3,0.83,6,1,0,THIN,"App mockups | Music apps"
mobile-map-ride-screen,mobile,text,6,7.7,0.83,6,1,0,THIN,"App mockups | Ride-hailing apps"
mobile-calendar-screen,mobile,text,6,6.5,0.83,6,1,0,THIN,"App mockups | Calendar apps"
atropos-3d-card,cards,text,6,9.2,0.83,4,1,4,THIN,"Product showcases | Pricing and plan highlights"
lenis-smooth-scroll,scroll,text,6,7.8,0.83,6,0,2,THIN,"Scroll-driven storytelling | Product tours"
zdog-orbit-scene,animations,text,6,8.2,0.83,5,0,4,THIN,"Product and feature icons | Data and space visuals"
p5-flow-field,animations,text,6,8.5,0.83,3,1,4,THIN,"Login and splash screens | Music and event visuals"
kute-svg-morph,animations,text,6,8.2,0.83,5,0,4,THIN,"Feature section illustrations | Interactive infographics"
typed-js-multi-string-hero,heroes,text,6,8.5,0.83,5,1,3,THIN,"Agency landing pages | Recruiting / careers pages"
canvas-game-of-life,games,text,6,7.3,0.83,5,0,4,THIN,"CS/education demos | Portfolio technical pieces"
dyslexia-font-toggle,buttons,text,6,9,0.83,4,2,3,THIN,"Accessibility settings panels | Documentation sites"
idle-detection-badge,dashboards,text,6,7.7,0.83,5,1,2,THIN,"Chat and collaboration apps | Session timeout warnings"
on-call-schedule-rotation,dashboards,text,6,7.3,0.83,5,1,1,THIN,"IT helpdesk rotations | Team presence overviews"
vibration-pattern-demo,buttons,text,6,7.7,0.83,5,1,2,THIN,"Notification alerts | Timer/alarm apps"
media-session-controls,media,text,6,7.5,0.83,6,0,2,THIN,"PWA media apps | Radio/streaming embeds"
eyedropper-color-picker,forms,text,6,8.5,0.83,5,0,4,THIN,"Accessibility contrast checks | Illustration/whiteboard apps"
json-diff-viewer,tools,text,6,8.7,0.83,6,0,2,THIN,"Data migration QA | Webhook/event payload comparison"
scroll-counter-overshoot,scroll,text,6,7.2,0.83,5,1,1,THIN,"Landing page stats | Pricing pages"
pinch-zoom-image-viewer,media,text,6,7.7,0.83,6,0,2,THIN,"Map and diagram viewers | Document and scan previews"
long-press-tooltip-preview,modals,text,6,8.5,0.83,5,0,4,THIN,"Product cards | Contact and profile lists"
pricing-region-currency-detector,pricing,text,6,7.3,0.83,6,1,0,THIN,"Marketing landing pages | International SaaS pricing pages"
hero-glassmorphic-card-float,heroes,text,6,8.5,0.83,6,0,2,THIN,"Design system and component library homepages | AI and generative product launches"
echarts-kpi-gauge-cluster,charts,text,6,8.3,0.83,5,0,2,THIN,"SLA and uptime pages | Ops and infra dashboards"
echarts-calendar-heatmap,charts,text,6,8.2,0.83,5,1,3,THIN,"Learning ECharts | Content publishing dashboards"
leaflet-custom-html-markers,misc,text,6,7.8,0.83,5,0,4,THIN,"Real-time ride or delivery apps | IoT device dashboards"
tippy-tooltip-variants-showcase,modals,text,6,8.7,0.83,5,0,4,THIN,"Icon-only button labeling | Form field help text"
sweetalert2-confirmation-dialog-set,modals,text,6,7.2,0.83,5,0,3,THIN,"Workspace and team membership changes | Account and data deletion flows"
micromodal-accessible-focus-trap,modals,text,6,8.3,0.83,5,0,4,THIN,"Invite and onboarding flows | Compliance-sensitive applications"
status-dashboard,dashboards,desc,4,9,0.88,3,1,2,THIN,"Admin Panels | Customer Support"
swipe-delete-list,mobile,desc,4,10,0.88,3,0,3,THIN,"Notification Panels | Email and Inbox UIs"
interact-js-pinch-zoom-image,media,text,5,8.2,0.9,4,0,3,THIN,"Product image zoom | Before/after comparisons"
shortcut-recorder,forms,text,6,8.3,0.92,5,0,3,THIN,"Game and tool key bindings | Learning keyboard events"
hover-card,cards,text,6,7.7,0.92,6,0,1,THIN,"Link previews | Username mentions"
gradient-picker,forms,text,6,8.2,0.92,5,0,3,THIN,"Design tools | Brand palette work"
signal-bars,loaders,text,6,7.8,0.92,6,0,1,THIN,"Learning CSS animation | Network and speed tools"
tablet-mockup,layouts,text,6,7.5,0.92,5,1,1,THIN,"Landing pages | Learning CSS transitions"
mobile-login-screen,mobile,text,6,7.8,0.92,5,1,1,THIN,"Onboarding flows | Learning form UX"
wallet-card,mobile,text,6,7.8,0.92,6,0,1,THIN,"Learning 3D transforms | Wallet and banking apps"
tv-mockup,layouts,text,6,7.7,0.92,6,0,1,THIN,"Learning spatial nav | Streaming app prototypes"
pin-card,cards,text,6,7,0.92,6,0,1,THIN,"3D transform demos | Featured links"
ai-thinking-loader,loaders,text,6,6.7,0.92,6,0,1,THIN,"Generation screens | AI chat placeholders"
gsap-draggable-inertia,animations,text,6,7.5,0.92,6,0,1,THIN,"Widget repositioning | Sortable boards"
canvas-particle-text-formation,animations,text,6,8,0.92,5,0,3,THIN,"Loading screens | Event/launch pages"
canvas-ripple-click-effect,animations,text,6,8,0.92,5,0,3,THIN,"Map/location pickers | Button/CTA emphasis"
canvas-image-pixelate-reveal,animations,text,6,7.5,0.92,5,0,3,THIN,"Case study / project cards | Photography portfolios"
text-to-speech-button,buttons,text,6,8.7,0.92,4,1,3,THIN,"Accessibility toolbars | Language learning tools"
css-text-box-trim-demo,visualizers,text,6,8.3,0.92,5,0,3,THIN,"Pixel-perfect design handoff | Buttons and pills with tight padding"
screen-wake-lock-toggle,buttons,text,6,8.3,0.92,6,0,1,THIN,"Video call waiting rooms | Recipe and cooking apps"
video-call-hand-raise-queue,dashboards,text,6,8.7,0.92,5,0,3,THIN,"Webinars and town halls | Live-streamed panels and AMAs"
web-crypto-hash-demo,tools,text,6,8.5,0.92,5,0,3,THIN,"File-integrity education | Config/checksum widgets"
barcode-detector-demo,tools,text,6,8.2,0.92,5,0,3,THIN,"Inventory/warehouse tools | Retail POS prototypes"
loader-percentage-morph-text,loaders,text,6,8.7,0.92,5,0,2,THIN,"Product launch and teaser pages | App splash screens"
loader-content-fade-swap,loaders,text,6,9,0.92,4,1,3,THIN,"Dashboard widgets | Search result cards"
loader-3d-cube-spinner,loaders,text,6,9.5,0.92,4,1,3,THIN,"App and dashboard preloaders | Portfolio and agency loaders"
echarts-live-realtime-chart,charts,text,6,8.7,0.92,4,1,3,THIN,"Server and infra monitoring | Live event dashboards"
leaflet-animated-route-vehicle,misc,text,6,8.2,0.92,4,0,4,THIN,"Flight or shipment tracking visualizations | Delivery and courier tracking pages"
maplibre-3d-building-extrusion,misc,text,6,8.7,0.92,5,0,3,THIN,"Urban planning and zoning visualizations | Real estate and property development tools"
fullcalendar-month-event-modal,dashboards,text,6,8.2,0.92,5,0,3,THIN,"Team and company event calendars | Internal scheduling dashboards"
fullcalendar-drag-reschedule-week,dashboards,text,6,8.3,0.92,5,0,3,THIN,"Personal and team scheduling tools | Meeting room and resource booking"
fullcalendar-resource-timeline,dashboards,text,6,8.7,0.92,4,0,4,THIN,"Facility and space management | Staff and trainer scheduling"
sweetalert2-multistep-input-flow,modals,text,6,7.7,0.92,5,0,3,THIN,"Project and workspace creation wizards | Survey and feedback collection"
notyf-minimal-toast-variants,modals,text,6,8.5,0.92,5,0,3,THIN,"Admin dashboard alerts | Form save and validation feedback"
slider-captcha,forms,text,6,7.5,1,5,0,2,THIN,"Rate-limited actions | Learning pointer dragging"
brightness-slider,forms,text,6,7.8,1,6,0,0,THIN,"Photo and image editors | Display settings panels"
time-duration-input,forms,text,6,7.8,1,6,0,0,THIN,"Timers and alarms | Video and media editors"
phone-mockup,layouts,text,6,7.5,1,6,0,0,THIN,"App landing pages | Portfolio and case studies"
mobile-lock-screen,mobile,text,6,6.5,1,6,0,0,THIN,"App concept demos | Push notification design"
mobile-onboarding,mobile,text,6,6.8,1,6,0,0,THIN,"App first-run intros | Feature tours"
splash-screen,mobile,text,6,7.7,1,6,0,0,THIN,"App launch screens | Web app loading"
camera-ui,mobile,text,6,7.3,1,6,0,0,THIN,"Camera app concepts | Photo and video tools"
dialer-keypad,mobile,text,6,7.2,1,6,0,0,THIN,"Phone and dialer apps | Softphones and VoIP"
scroll-progress-circle,scroll,text,6,7.3,1,6,0,0,THIN,"Article reading progress | Long-form blogs"
neo-brutalist-card,cards,text,6,8.7,1,5,1,0,THIN,"Portfolio sites | Pricing grids"
chartjs-revenue-chart,charts,text,6,8,1,5,0,2,THIN,"Analytics panels | SaaS revenue dashboards"
motion-one-spring-cards,cards,text,6,7.8,1,5,1,0,THIN,"Product catalogs | Team and about pages"
canvas-mouse-trail-rainbow,animations,text,6,8,1,4,0,3,THIN,"Event/festival pages | Cursor customization demos"
canvas-snow-overlay,animations,text,6,8.5,1,4,0,4,THIN,"Seasonal hero sections | E-commerce campaigns"
aria-live-status-badge,dashboards,text,6,8.8,1,4,0,4,THIN,"Sync/connection status chips | Form validation summaries"
css-masonry-native-gallery,layouts,text,6,9.2,1,4,0,4,THIN,"Photo and portfolio galleries | Blog/article card grids"
contact-picker-button,buttons,text,6,8.8,1,4,1,2,THIN,"Team invite flows | Emergency contact forms"
course-progress-tracker,dashboards,text,6,8.3,1,6,0,0,THIN,"Online course dashboards | Corporate training LMS"
web-locks-tab-coordinator,visualizers,text,6,8.8,1,3,2,2,THIN,"Leader-election dashboards | Ops monitoring UIs"
auction-countdown-timer,dashboards,text,6,7.3,1,4,0,2,THIN,"Sports memorabilia sites | Live auction platforms"
pricing-feature-tooltip-table,pricing,text,6,8.5,1,5,0,2,THIN,"Self-serve onboarding | Technical pricing pages"
pricing-lifetime-deal-card,pricing,text,6,7.5,1,6,0,0,THIN,"Indie SaaS launches | AppSumo-style deal pages"
loader-audio-buffering-visualizer,loaders,text,6,9.2,1,4,0,4,THIN,"Podcast and audiobook apps | Voice message players"
scrollreveal-fade-timeline,scroll,text,6,10,1,4,0,4,THIN,"Company/product timelines | Course/roadmap progress"
fabric-js-signature-pad,forms,text,5,8.4,1,4,0,2,THIN,"Quick sketch capture | Delivery confirmation"
echarts-sankey-user-flow,charts,text,6,9.2,1,3,1,4,THIN,"Growth and marketing reviews | Support and churn analysis"
echarts-candlestick-volume-panel,charts,text,6,7.8,1,4,1,2,THIN,"Learning ECharts | Portfolio and watchlist detail views"
leaflet-geojson-choropleth,charts,text,6,8,1,5,0,4,THIN,"Regional sales and revenue dashboards | Election and demographic maps"
flatpickr-inline-date-picker,forms,text,6,8.8,1,3,0,4,THIN,"Delivery date selection | Appointment and call scheduling"
flatpickr-date-range-presets,forms,text,6,8.7,1,3,0,4,THIN,"Analytics and reporting dashboards | Financial and billing statement views"
flatpickr-time-picker-intervals,forms,text,6,8.2,1,5,0,2,THIN,"Service and repair scheduling | Delivery window selection"
fullcalendar-agenda-list-filters,dashboards,text,6,8.8,1,4,0,2,THIN,"Notification and reminder feeds | Event and conference schedules"
tippy-interactive-popover-form,forms,text,6,8.2,1,4,0,2,THIN,"Inline reviewer or approver selection | Task and issue assignee pickers"
sortablejs-multilist-kanban-persistence,dashboards,desc,4,9.5,1,3,0,2,THIN,"Support ticket triage | Order and fulfilment pipelines"
apexcharts-mixed-bar-line-dual-axis,charts,text,5,9,1,3,0,4,THIN,"Marketing reports | Support operations"
apexcharts-brush-range-navigator,charts,text,5,7.8,1,4,0,2,THIN,"IoT and sensor data | Product analytics"
color-contrast-checker,tools,text,6,8.3,1.08,4,0,3,THIN,"Accessibility audits | Brand and marketing pages"
circular-char-counter,forms,text,6,7.7,1.08,5,0,1,THIN,"SMS and notification text | Bio and profile fields"
wave-divider,layouts,text,6,7.8,1.08,5,0,1,THIN,"Marketing microsites | Hero bottoms"
mobile-status-bar,mobile,text,6,7.7,1.08,5,0,1,THIN,"Learning CSS icons | App mockup chrome"
vivus-svg-draw,animations,text,6,9.8,1.08,4,0,3,THIN,"Learning SVG animation | Scroll-triggered illustration"
typed-rotating-hero,heroes,text,6,9.3,1.08,4,0,3,THIN,"Agency and SaaS heroes | Portfolio landings"
rellax-parallax-layers,scroll,text,6,8.5,1.08,4,1,1,THIN,"Product launch pages | Event and conference pages"
canvas-ascii-art-converter,tools,text,6,8.5,1.08,4,0,3,THIN,"Loading or empty states | Developer portfolio hero"
web-share-button,buttons,text,6,7.8,1.08,5,0,1,THIN,"Article and blog share buttons | Referral and invite flows"
property-listing-card,cards,text,6,8.8,1.08,4,0,3,THIN,"Map pin popups | Agent portfolio pages"
certificate-preview-card,cards,text,6,8.8,1.08,4,0,3,THIN,"Online course platforms | Corporate training LMS"
scroll-progress-journey-trail,scroll,text,6,8,1.08,4,0,3,THIN,"Course or tutorial pages | Product onboarding pages"
double-tap-like-burst,animations,text,6,8,1.08,5,0,1,THIN,"Story and reel viewers | Social feeds"
radial-right-click-menu,navigation,text,6,8.3,1.08,5,0,1,THIN,"Game-style interfaces | Canvas and design tools"
pricing-plan-migration-preview,pricing,text,6,9.5,1.08,4,0,3,THIN,"Downgrade confirmation | Billing settings pages"
loader-infinite-scroll-spinner,loaders,text,6,10,1.08,3,0,5,THIN,"Search and product results | Comment threads"
loader-video-buffering-spinner,loaders,text,6,9.3,1.08,3,0,5,THIN,"Live stream viewers | Internal review and dailies tools"
glb-exploded-view-toggle,media,text,6,10.2,1.08,3,1,3,THIN,"E-commerce ""what's inside"" sections | Museum/collectible mechanism displays"
scroll-horizontal-story-track,scroll,text,6,9.8,1.08,4,0,3,THIN,"Portfolio project case studies | Onboarding tours with a distinct visual identity"
autoanimate-filter-grid,cards,text,6,9.8,1.08,3,1,3,THIN,"Portfolio and gallery filters | Component or template libraries"
interact-js-drag-drop-kanban,dashboards,text,6,9.7,1.08,4,0,3,THIN,"Content moderation queues | Playlist and collection sorting"
echarts-funnel-conversion,charts,text,6,9.2,1.08,3,1,3,THIN,"E-commerce checkout analysis | Hiring pipeline tracking"
leaflet-store-locator-search,misc,text,6,8.3,1.08,4,0,3,THIN,"Service area finders | Real estate listing maps"
flatpickr-booking-calendar,forms,text,6,8,1.08,5,0,1,THIN,"Vacation rental and hotel booking | Equipment or venue reservation systems"
flatpickr-multi-date-selection,forms,text,6,8.5,1.08,4,0,3,THIN,"Multi-day trip planning tools | Recurring class or event scheduling"
dayjs-relative-time-feed,dashboards,text,6,8.8,1.08,5,0,3,THIN,"Social and notification feeds | Admin and ops activity logs"
fabric-js-shape-annotation-tool,tools,text,5,9.4,1.1,2,0,5,THIN,"Educational image markup | Photo review workflows"
konva-animated-progress-ring,loaders,text,5,9,1.1,3,0,3,THIN,"Dashboard KPI rings | Teaching canvas animation loops"
slope-chart,charts,text,6,9.8,1.17,3,0,3,THIN,"Survey and poll change | Price and metric movement"
checkbox-tree,forms,text,6,8.2,1.17,5,0,0,THIN,"Permission grids | Category and tag pickers"
color-mixer,tools,text,6,8.7,1.17,4,0,2,THIN,"Picking a middle shade | Learning color math"
dumbbell-chart,charts,text,6,7.8,1.17,5,0,0,THIN,"Survey wave comparison | A/B test results"
smartwatch-mockup,layouts,text,6,7.5,1.17,5,0,0,THIN,"Fitness app concepts | Health dashboards"
scroll-image-sequence,scroll,text,6,10,1.17,3,2,0,THIN,"Storytelling | Product launches"
physics-2d-burst,animations,text,6,8.3,1.17,5,0,0,THIN,"Success celebrations | Like explosions"
custom-bounce-ball,animations,text,6,9.2,1.17,5,0,0,THIN,"Notification landings | Game UI"
css-scroll-driven-progress,scroll,text,6,10.5,1.17,3,2,3,THIN,"Documentation sites | Case study pages"
css-scroll-timeline-nav-progress,scroll,text,6,9,1.17,3,1,2,THIN,"Knowledge base headers | Documentation sites"
css-view-timeline-image-reveal,scroll,text,6,9,1.17,4,0,2,THIN,"Portfolio galleries | Photo showcases"
aos-fade-gallery,scroll,text,6,8.3,1.17,5,0,0,THIN,"Photo galleries | Portfolio sections"
ai-context-window-indicator,dashboards,text,6,9.8,1.17,4,0,2,THIN,"IDE copilot sidebars | Long-document summarization tools"
webhook-event-tester,dashboards,text,6,9,1.17,3,0,4,THIN,"Webhook management consoles | Platform onboarding flows"
pricing-tier-recommender,pricing,text,6,10,1.17,3,1,3,THIN,"Marketing landing pages | In-app upgrade prompts"
loader-typewriter-status-log,loaders,text,6,10.3,1.17,3,0,4,THIN,"Data import/export progress | Installer and CLI-style web UIs"
popmotion-swipe-dismiss-stack,cards,text,6,8.7,1.17,4,0,2,THIN,"Review and triage queues | Onboarding card stacks"
babylon-js-spinning-product,media,text,6,11.3,1.17,2,1,4,THIN,"E-commerce product pages | Learning Babylon.js cameras"
snap-svg-logo-draw-reveal,animations,text,5,10.4,1.2,1,1,4,THIN,"Product launch pages | Brand / product hero sections"
glide-js-testimonial-slider,carousels,text,5,10.2,1.2,1,1,4,THIN,"Teaching Glide's skeleton | Marketing landing pages"
pivot-table,tables,text,6,10.2,1.25,3,0,2,THIN,"Survey cross-tabs | Inventory by location and type"
full-page-scroll,scroll,text,6,10,1.25,4,0,1,THIN,"Pitch decks on the web | Editorial and campaign sites"
bezier-curve-editor,tools,text,6,9.5,1.25,3,0,3,THIN,"Teaching easing | Learning SVG dragging"
bookmark-toggle,buttons,text,6,9,1.25,4,0,1,THIN,"Learning toggle buttons | Wishlist and favorites"
drag-spin-dial,forms,text,6,8.3,1.25,4,0,1,THIN,"Game options | Volume and media controls"
swiper-cards-deck,carousels,text,6,9.3,1.25,3,0,3,THIN,"Product highlights | Learning Swiper config"
petition-signature-counter,dashboards,text,6,9.5,1.25,3,0,3,THIN,"Advocacy and petition platforms | Open letters and public statements"
pricing-annual-savings-badge,pricing,text,6,8.7,1.25,4,0,1,THIN,"Pricing card grids | Monthly/annual toggles"
hero-announcement-ticker,heroes,text,6,9.7,1.25,3,0,3,THIN,"E-commerce promotional campaigns | Event and conference landing pages"
loader-retry-error-state,loaders,text,6,11.3,1.25,2,1,3,THIN,"Dashboard widgets | Any async widget needing an honest error UI"
scroll-glb-fox-walk-cycle-scrub,scroll,text,6,10,1.25,2,1,3,THIN,"glTF/AnimationMixer teaching demos | Alongside the camera-flythrough variant"
glb-configurator-color-swatches,media,text,6,10.2,1.25,2,1,3,THIN,"Alongside other GLB viewers | Print-on-demand and merch previews"
glb-lighting-studio-viewer,media,text,6,11.3,1.25,2,1,3,THIN,"Alongside other GLB viewers | Portfolio and technical showpieces"
scroll-data-story-counters,scroll,text,6,9.3,1.25,4,0,1,THIN,"Sustainability or impact dashboards | Investor and fundraising decks"
secure-token-generator,tools,desc,4,10,1.25,2,0,2,THIN,"Developer tool sites | Web Crypto API teaching example"
password-generator-entropy,tools,desc,4,10.5,1.25,1,0,4,THIN,"Developer and IT utility tools | Signup and account settings forms"
lottie-notification-bell,navigation,desc,4,11.8,1.25,1,1,2,THIN,"Real-time apps with live events | lottie-web integration example"
countup-js-dashboard-kpi-row,dashboards,text,6,10.3,1.25,2,1,3,THIN,"Analytics dashboards | Client-facing reports"
floating-ui-auto-flip-tooltip,modals,text,6,9.3,1.25,3,0,3,THIN,"Tooltips inside scrollable panels | Design systems needing full UI control"
viewerjs-product-image-viewer-toolbar,media,desc,4,10.5,1.25,3,1,0,THIN,"Photography and design review | Image moderation and QA"
swiper-vertical-fullpage-slider,carousels,desc,4,10.3,1.25,3,0,2,THIN,"Campaign microsites | Onboarding and feature tours"
swiper-parallax-hero-slides,heroes,desc,4,9.8,1.25,2,0,3,THIN,"Seasonal campaign sliders | Portfolio openers"
swiper-testimonial-fade-slider,carousels,desc,4,11.3,1.25,2,1,2,THIN,"Product and review sections | Team and client stories"
swiper-nested-horizontal-vertical,carousels,desc,4,10,1.25,2,0,2,THIN,"Stories and onboarding flows | Learning gesture disambiguation"
snap-svg-animated-line-chart,charts,text,5,10.2,1.3,1,0,5,THIN,"Teaching SVG dash tricks | Dashboard KPI charts"
glide-js-product-gallery-slider,carousels,text,5,9.6,1.3,2,1,1,THIN,"E-commerce product pages | Portfolio thumbnail strips"
page-flip,animations,text,6,10.5,1.33,3,1,3,THIN,"Portfolios and case studies | Storytelling and onboarding"
wave-loader,loaders,text,6,9.8,1.33,3,0,1,THIN,"Battery and water tracking | Capacity and storage meters"
transfer-list,forms,text,6,9.7,1.33,3,0,2,THIN,"Assigning permissions or roles | Choosing table columns"
mood-picker,forms,text,6,9.5,1.33,4,0,0,THIN,"Support ticket closeout | Feedback widgets"
hold-to-confirm-button,buttons,text,6,9.2,1.33,4,0,0,THIN,"Destructive actions | Slide-style confirmations"
scroll-blinds-reveal,scroll,text,6,9.7,1.33,4,0,0,THIN,"Section transitions | Hero reveals"
scroll-text-draw,scroll,text,6,10.8,1.33,2,2,0,THIN,"Brand moments | Portfolio intros"
scroll-letter-stagger,scroll,text,6,9.5,1.33,3,1,0,THIN,"Hero headlines | Section titles"
drag-throw-notes,cards,text,6,8.3,1.33,4,0,0,THIN,"Playful 404s and heroes | Kanban prototypes"
draw-svg-success,animations,text,6,10,1.33,4,0,0,THIN,"Checkout confirmations | Onboarding completions"
scramble-text-links,animations,text,6,9,1.33,4,0,0,THIN,"Terminal aesthetics | Security products"
gsap-text-rotator,animations,text,6,8.5,1.33,4,0,0,THIN,"Search placeholders | Terminal demos"
observer-fullpage,scroll,text,6,10,1.33,3,1,0,THIN,"Onboarding flows | Event and campaign sites"
quickto-cursor,animations,text,6,9,1.33,4,0,0,THIN,"Magnetic CTAs | Gallery hovers"
motion-flip-expand,cards,text,6,10.3,1.33,2,1,2,THIN,"Product detail previews | Portfolio case studies"
address-validation-form,forms,text,6,10,1.33,3,0,2,THIN,"Account shipping settings | Signup and onboarding forms"
pricing-discount-countdown-banner,pricing,text,6,8.8,1.33,3,0,2,THIN,"Flash sales | Trial-to-paid conversion"
pricing-bundle-savings-card,pricing,text,6,9.5,1.33,3,0,2,THIN,"SaaS add-on bundles | E-commerce cross-sells"
pricing-custom-quote-form,pricing,text,6,9.5,1.33,3,0,2,THIN,"Sales-assisted onboarding | Partnership inquiries"
glb-wireframe-solid-toggle,media,text,6,11.2,1.33,1,1,4,THIN,"glTF/material teaching demos | Alongside other GLB viewers"
scroll-company-timeline,scroll,text,6,9.3,1.33,3,0,2,THIN,"Nonprofit impact timelines | Product roadmap or changelog pages"
scroll-testimonial-sequence,scroll,text,6,10,1.33,2,0,4,THIN,"Agency or consultancy portfolios | SaaS marketing and pricing pages"
sticky-add-to-cart-bar,navigation,text,6,11.5,1.33,1,1,6,THIN,"E-commerce product pages | Course and subscription landing pages"
bootstrap-audit-log-viewer,dashboards,desc,3,12,1.33,1,0,2,THIN,"Admin panels and internal security dashboards | Compliance and SOC2-style activity reporting"
scrollreveal-hero-text-reset,heroes,text,6,10.7,1.33,2,2,0,THIN,"Portfolio intros | Product launch pages"
echarts-revenue-line-zoom-brush,charts,text,6,9.7,1.33,2,1,2,THIN,"Server and app metrics | Analytics products"
leaflet-marker-clustering,misc,text,6,9.3,1.33,4,0,2,THIN,"Real estate and rental listing maps | Incident and crime mapping tools"
split-button,buttons,desc,4,10,1.38,1,0,3,THIN,"Form Actions | Deploy Pipelines"
uuid-v4-generator,tools,desc,4,10.5,1.38,1,0,3,THIN,"Developer utility sites | Database seeding tools"
lottie-success-checkmark-loader,loaders,desc,4,11,1.38,0,1,3,THIN,"lottie-web integration example | Form submission feedback"
lottie-empty-state-illustration,cards,desc,4,12,1.38,0,1,3,THIN,"lottie-web integration example | Empty list and dashboard states"
swiper-effect-cards-stack,mobile,desc,4,10.5,1.38,2,0,3,THIN,"Product triage and wishlists | Flashcards and quizzes"
sortablejs-shared-group-drag-lists,dashboards,desc,4,11.5,1.38,1,0,3,THIN,"Report and dashboard designers | Form builders"
sortablejs-sortable-table-rows,tables,desc,4,10.8,1.38,2,0,3,THIN,"Playlist and queue editors | Shortlists and rankings"
interactjs-resizable-dashboard-panels,dashboards,desc,4,10.8,1.38,1,0,3,THIN,"Floating tool windows | Design and diagram tools"
muuri-filterable-draggable-grid,layouts,desc,4,12.3,1.38,2,0,3,THIN,"Personal boards and bookmark walls | Wishlists and comparison walls"
unit-converter,tools,text,6,10,1.42,3,0,3,WEAK,"Cooking and recipe apps | Travel and shipping"
weather-forecast,dashboards,text,6,10.7,1.42,3,0,2,WEAK,"Lock screens and kiosks | Event and outdoor apps"
starfield,animations,text,6,10,1.42,3,0,1,WEAK,"Login and splash screens | Event and product reveals"
kbd-keys,buttons,text,6,10.3,1.42,3,0,2,WEAK,"Settings and accessibility | Docs and tutorials"
box-plot,charts,text,6,10.2,1.42,3,0,2,WEAK,"Experiment and A/B results | Scientific and survey data"
inline-validation-form,forms,text,6,8.7,1.42,3,0,1,WEAK,"Learning form UX | Checkout forms"
battery-indicator,dashboards,text,6,9.8,1.42,3,0,1,WEAK,"Learning CSS shapes | Quota and usage views"
rough-annotation-card,cards,text,6,10,1.42,2,0,3,WEAK,"Marketing testimonials | Editorial pull quotes"
anime-js-morph-shapes,animations,text,6,10,1.42,2,0,3,WEAK,"Brand / logo animations | Playful 404 or empty pages"
ai-model-comparison-table,tables,text,6,11,1.42,3,1,1,WEAK,"Internal engineering docs | API pricing pages"
ai-voice-input-button,buttons,text,6,10,1.42,2,0,3,WEAK,"Accessibility-focused products | Meeting and note-taking tools"
ai-function-call-trace,dashboards,text,6,9.8,1.42,2,0,3,WEAK,"Multi-tool agent products | Developer-facing AI consoles"
rate-limit-status-panel,dashboards,text,6,10.3,1.42,3,0,1,WEAK,"CLI and SDK companion dashboards | API developer dashboards"
bnpl-payment-selector,forms,text,6,11,1.42,2,0,3,WEAK,"Subscription upgrades | High-ticket purchases"
css-light-dark-theme-demo,visualizers,text,6,9.5,1.42,3,0,1,WEAK,"Marketing and content pages | Reducing stylesheet size"
live-cursor-name-tags,cards,text,6,11,1.42,2,0,3,WEAK,"Design tool marketing | Learning animation timing"
virtual-tour-badge,cards,text,6,10.5,1.42,2,0,3,WEAK,"Event venue browsing | Museum and exhibit previews"
campaign-leaderboard,dashboards,text,6,10.2,1.42,3,0,1,WEAK,"Team-based fundraising drives | Sales and referral contests"
match-bracket-tree,layouts,text,6,10,1.42,4,0,1,WEAK,"Corporate and community contests | Sports tournament sites"
pricing-addon-selector,pricing,text,6,9.8,1.42,2,1,1,WEAK,"SaaS pricing pages | Usage-based extras"
loader-multi-stage-checklist,loaders,text,6,9.7,1.42,2,0,3,WEAK,"Data import and migration | Multi-service auth flows"
loader-brand-logo-draw,loaders,text,6,9.3,1.42,3,0,1,WEAK,"Marketing and agency sites | Login and auth transitions"
loader-milestone-progress-bar,loaders,text,6,9.8,1.42,2,0,3,WEAK,"Video/asset processing | Multi-phase deployments"
scroll-glb-duck-turntable-scrub,scroll,text,6,9.8,1.42,3,0,1,WEAK,"Brand and agency showpieces | Alongside other 3D snippets"
github-contribution-heatmap,dev,text,6,10.8,1.42,0,1,5,WEAK,"Analytics dashboards | Habit and streak trackers"
scroll-map-journey-story,scroll,text,6,10.5,1.42,2,0,3,WEAK,"Historical migration or exploration stories | Sales or onboarding ""customer journey"" visuals"
scroll-product-launch-story,scroll,text,6,10.7,1.42,2,0,3,WEAK,"Hardware/gadget marketing sites | Crowdfunding campaign pages"
scroll-stat-reveal-story,scroll,text,6,10.3,1.42,2,0,3,WEAK,"Conference or event recap pages | Pitch deck landing pages"
scrollreveal-staggered-feature-grid,scroll,text,6,10.5,1.42,2,0,3,WEAK,"Docs/changelog highlight cards | Pricing feature comparisons"
histogram,charts,text,6,11.3,1.5,2,0,2,WEAK,"Pricing and demographics | Survey and rating spread"
treemap,charts,text,6,10.7,1.5,3,0,2,WEAK,"Codebase and bundle analysis | Category and inventory breakdowns"
leaderboard-podium,dashboards,text,6,9.7,1.5,2,0,2,WEAK,"Community and reputation | Hackathons and competitions"
waffle-chart,charts,text,6,10.2,1.5,3,0,2,WEAK,"Time and effort breakdown | Survey and demographic splits"
scroll-sticky-features,scroll,text,6,10.5,1.5,2,1,0,WEAK,"Case studies | App showcases"
scroll-path-follow,scroll,text,6,10.5,1.5,3,0,0,WEAK,"Storytelling sites | Line-only diagrams"
scroll-word-wheel,scroll,text,6,10,1.5,3,0,0,WEAK,"Hero sections | Typing alternatives"
scroll-year-timeline,scroll,text,6,9.5,1.5,3,0,0,WEAK,"Data histories | Museum and editorial"
scroll-shape-morph,scroll,text,6,9.5,1.5,3,0,0,WEAK,"Concept storytelling | Theme transitions"
flip-grid-shuffle,layouts,text,6,9.5,1.5,3,0,0,WEAK,"Filterable galleries | Kanban-style moves"
morph-svg-icons,animations,text,6,10.3,1.5,2,1,0,WEAK,"State icons | Brand moments"
gsap-split-text,animations,text,6,9.7,1.5,2,1,0,WEAK,"Hero headlines | Scroll-triggered copy"
physics-props-pucks,animations,text,6,9,1.5,3,0,0,WEAK,"Game UI | Slot mechanics"
custom-wiggle-icons,animations,text,6,9.7,1.5,3,0,0,WEAK,"Validation shakes | Like flutters"
stagger-grid-ripple,animations,text,6,9.5,1.5,3,0,0,WEAK,"Grid entrances | Ambient walls"
matter-falling-tags,animations,text,6,10.3,1.5,2,0,2,WEAK,"Filter and category chips | Learning rigid-body basics"
chat-message-bubbles,cards,desc,4,10.8,1.5,2,0,0,WEAK,"Support & DM Threads | Team Collaboration Tools"
breadcrumbs,navigation,desc,4,11.3,1.5,1,0,2,WEAK,"Nested Content Hierarchies | E-Commerce Category Pages"
git-diff-stat-summary,dashboards,text,6,10.3,1.5,2,0,2,WEAK,"Commit history browsers | Internal audit tooling"
feature-flag-toggle-panel,dashboards,text,6,10.8,1.5,2,0,2,WEAK,"Incident response tooling | Internal admin dashboards"
high-contrast-mode-toggle,buttons,text,6,10.7,1.5,2,0,2,WEAK,"Admin and internal tools | Accessibility settings panels"
water-intake-tracker,dashboards,text,6,11,1.5,2,0,2,WEAK,"Wearable companion apps | Learning SVG progress rings"
proration-preview-card,cards,text,6,11.3,1.5,1,1,2,WEAK,"Plan comparison + upsell | Billing support deflection"
seat-based-pricing-calculator,pricing,text,6,11.2,1.5,1,2,2,WEAK,"Plan comparison pages | SaaS pricing pages"
empty-state-sample-data-toggle,cards,text,6,12,1.5,0,2,2,WEAK,"Analytics dashboards | Onboarding flows"
citation-formatter,tools,text,6,10.7,1.5,3,0,2,WEAK,"Library and research portals | Academic writing tools"
live-match-scoreboard,dashboards,text,6,10.2,1.5,4,0,0,WEAK,"Esports match overlays | School and community league scoring"
pricing-diff-comparison-table,pricing,text,6,10.8,1.5,1,1,2,WEAK,"Pricing pages | Enterprise proposals"
hero-app-store-badges-mockup,heroes,text,6,10.5,1.5,2,0,2,WEAK,"App Store optimization landing pages | Product Hunt and launch-day pages"
hero-feature-tabs-preview,heroes,text,6,10.3,1.5,2,0,2,WEAK,"Developer tool landing pages | Onboarding and product-tour pages"
loader-file-upload-multi-queue,forms,text,6,10.5,1.5,2,0,2,WEAK,"Data pipeline job queues | Any rate-limited API upload"
loader-shimmer-diagonal-sweep,loaders,text,6,10.3,1.5,2,0,2,WEAK,"Profile and account cards | Table and grid placeholders"
loader-particle-swarm-orbit,loaders,text,6,9.5,1.5,2,0,2,WEAK,"Empty/loading dashboard states | Brand / hero loading moments"
loader-skeleton-list-staggered,loaders,text,6,10.7,1.5,2,0,2,WEAK,"Activity feeds | Comment sections"
loader-page-transition-bar,loaders,text,6,10.7,1.5,3,0,2,WEAK,"SPA route transitions | Deep-link / redirect flows"
loader-skeleton-chat-messages,loaders,text,6,11.5,1.5,3,1,2,WEAK,"Support / live chat widgets | Comment/reply threads styled as chat"
loader-suspense-fallback-card,loaders,text,6,10.3,1.5,2,0,2,WEAK,"Server-rendered pages with client hydration | Widget or card-level async sections"
scroll-glb-helmet-camera-flythrough,scroll,text,6,10.5,1.5,2,0,2,WEAK,"Portfolio and technical showpieces | Alongside the simpler turntable"
scroll-glb-motion-trail-scrub,scroll,text,6,10.8,1.5,1,1,2,WEAK,"Alongside the single-rig walk cycle | Interactive scroll narratives"
file-checksum-verifier,tools,desc,4,11,1.5,1,0,2,WEAK,"Web Crypto API teaching example | Download integrity pages"
lottie-button-micro-loader,buttons,desc,4,11.5,1.5,0,1,2,WEAK,"lottie-web integration example | Form save and submit buttons"
multi-layer-scroll-parallax-banner,scroll,desc,4,12,1.5,1,0,2,WEAK,"Storytelling and editorial pages | Reference implementation for scroll listeners"
file-dropzone-uploader,forms,desc,4,11,1.5,1,0,2,WEAK,"File upload forms | Admin panels and dashboards"
theme-preference-persistence-demo,buttons,desc,4,12,1.5,1,1,2,WEAK,"Settings panels | Teaching persistence patterns"
velocity-js-stagger-cards,cards,text,6,13,1.5,0,1,4,WEAK,"Onboarding tours | Feature grids"
velocity-js-loading-bars,loaders,text,6,11.5,1.5,1,0,4,WEAK,"Skeleton loading states | File upload progress"
countup-js-stat-cards,cards,text,6,11.7,1.5,0,1,4,WEAK,"Marketing landing pages | Investor/about pages"
popmotion-drag-inertia-card,cards,text,6,11.2,1.5,1,0,4,WEAK,"Draggable canvas widgets | Throwable card decks"
wow-js-staggered-testimonial-wall,cards,text,4,12.3,1.5,0,0,4,WEAK,"Social proof sections | Case study pages"
scrollout-progress-nav-dots,navigation,text,4,12.8,1.5,0,1,2,WEAK,"Portfolio case studies | Long-form landing pages"
muuri-filterable-masonry-grid,layouts,text,5,12.6,1.5,0,1,3,WEAK,"Product catalogs | Blog and content indexes"
virtualized-100k-row-table,tables,desc,4,11.5,1.5,1,1,2,WEAK,"Large exports and admin lists | Developer tools"
sortablejs-nested-sortable-tree,dashboards,desc,4,9.8,1.5,2,0,2,WEAK,"Category and taxonomy editors | Menu and navigation builders"
dragula-copy-vs-move-lists,dashboards,desc,4,12.3,1.5,2,0,2,WEAK,"Template and field pickers | Learning classic drag-and-drop APIs"
csv-export-table,tables,text,6,10.7,1.58,3,0,1,WEAK,"Logs and audit trails | Analytics and dashboards"
sankey-diagram,charts,text,6,11.2,1.58,2,0,3,WEAK,"User journey and routing | Survey path analysis"
infinite-scroll-table,tables,text,6,11,1.58,1,0,2,WEAK,"Audit trails and history | Search results"
radial-bar-chart,charts,text,6,11,1.58,2,0,2,WEAK,"Profile and onboarding completion | Survey and score breakdowns"
gsap-ease-gallery,visualizers,text,6,10.2,1.58,2,0,1,WEAK,"Slow-mo highlights | Stepped mechanics"
vanilla-tilt-3d-grid,cards,text,6,9.7,1.58,1,1,1,WEAK,"Product catalogs | Portfolio project grids"
ai-safety-refusal-card,cards,text,6,10,1.58,2,0,1,WEAK,"Trust and safety documentation | Content moderation UIs"
css-reading-flow-demo,visualizers,text,6,11.3,1.58,1,0,3,WEAK,"Keyboard navigation toolkits | Dashboard and card grids"
usage-based-billing-meter,dashboards,text,6,11.2,1.58,1,1,1,WEAK,"Pricing pages | Account overview pages"
back-in-stock-notify-form,forms,text,6,12,1.58,1,1,1,WEAK,"E-commerce product pages | Pre-launch waitlists"
footnote-hover-preview,layouts,text,6,11,1.58,2,0,3,WEAK,"Legal and policy documents | Newsletter and blog platforms"
table-row-drag-reorder,tables,text,6,12.8,1.58,1,0,5,WEAK,"Ranked lists and leaderboards | Sprint and backlog prioritization"
table-column-drag-reorder,tables,text,6,11.2,1.58,1,0,3,WEAK,"Spreadsheet-style admin tools | Custom report builders"
table-row-detail-panel,tables,text,6,12.3,1.58,1,1,3,WEAK,"Support ticket queues | Admin record inspectors"
pricing-usage-tier-breakdown,pricing,text,6,9.7,1.58,2,0,1,WEAK,"Add-on cost estimation | Cost-benefit pages"
hero-comparison-vs-competitor,heroes,text,6,10.8,1.58,1,0,3,WEAK,"Learning persuasive comparison layout | Competitor switch campaigns"
hero-video-testimonial-embed,heroes,text,6,10.5,1.58,2,0,1,WEAK,"SaaS and product marketing heroes | Onboarding for skeptical buyers"
scroll-day-night-sky-cycle,scroll,text,6,10.2,1.58,2,0,1,WEAK,"Portfolio and agency sites | Teaching orbital/trigonometric motion"
loader-inline-button-morph,loaders,text,6,10.3,1.58,2,0,1,WEAK,"Form saves and settings updates | Newsletter / signup submits"
glb-hotspot-annotations-viewer,media,text,6,11.8,1.58,0,1,3,WEAK,"Alongside other GLB viewers | Technical documentation and manuals"
glb-model-comparison-viewer,media,text,6,11.8,1.58,0,1,3,WEAK,"Alongside other GLB viewers | Product variant comparisons"
glb-spin-reveal-stats-viewer,media,text,6,12.3,1.58,0,1,3,WEAK,"Alongside other GLB viewers | Product spec and feature reveals"
scroll-chapter-sidebar-story,scroll,text,6,10,1.58,2,0,1,WEAK,"Book or ebook preview microsites | Case study or portfolio narratives"
scroll-transformation-story,scroll,text,6,11.5,1.58,1,0,5,WEAK,"Home renovation or product transformation stories | Code refactor / rewrite case studies"
skeleton-to-content-crossfade,loaders,text,6,12.7,1.58,0,1,5,WEAK,"Dashboard widgets | Profile and detail pages"
countup-js-pricing-toggle-counter,pricing,text,6,12,1.58,0,1,3,WEAK,"SaaS pricing pages | Quantity steppers"
autoanimate-todo-list,dashboards,text,6,12.2,1.58,0,0,5,WEAK,"Todo/task lists | Filterable/sortable lists"
babylon-js-orbit-camera-showcase,media,text,6,10.3,1.58,1,0,3,WEAK,"Camera choreography prototyping | Virtual showrooms"
gradient-mesh-loading-screen,loaders,desc,5,11.4,1.6,1,0,2,WEAK,"Account setup and provisioning screens | AI product onboarding"
sortablejs-multi-column-drag,dashboards,text,5,10.8,1.6,0,0,4,WEAK,"Kanban project boards | Pipeline and funnel views"
rough-js-hand-drawn-chart,charts,text,5,10.4,1.6,1,0,2,WEAK,"Playful product dashboards | Educational content"
nested-row-carousels,carousels,desc,4,11.5,1.63,0,0,3,WEAK,"Streaming and media platforms | E-commerce recommendation rails"
file-manager-ui,layouts,desc,4,11.3,1.63,0,0,3,WEAK,"Document Management Apps | CMS Media Libraries"
podcast-player,media,desc,4,10.8,1.63,1,0,1,WEAK,"Audiobook Players | Podcast Apps"
circular-progress,loaders,desc,4,11,1.63,2,0,1,WEAK,"Storage & Quota Meters | Dashboard KPI Tiles"
share-menu,buttons,desc,4,12.8,1.63,0,1,3,WEAK,"Product & Landing Pages | Blog & Article Pages"
text-hash-generator,tools,desc,4,11.3,1.63,0,0,3,WEAK,"Cryptography teaching demos | Data integrity checks"
lottie-onboarding-mascot,modals,desc,4,11.5,1.63,0,1,1,WEAK,"lottie-web integration example | Feature announcement modals"
ui-click-sound-toggle,buttons,desc,4,13,1.63,0,1,3,WEAK,"Settings panels | Form validation feedback"
audio-frequency-equalizer-bars,media,desc,4,11.8,1.63,0,0,3,WEAK,"Music and podcast players | Audio product landing pages"
audio-metronome-tap-tempo,tools,desc,4,10.3,1.63,1,0,1,WEAK,"Rhythm and timing tutorials | Web Audio scheduling reference"
parallax-tilt-product-card,cards,desc,4,9.8,1.63,1,0,1,WEAK,"Design system hover patterns | E-commerce product cards"
custom-audio-player-with-playlist,media,desc,4,11.3,1.63,0,0,3,WEAK,"Podcast and music web players | Media-heavy product pages"
setup-checklist-onboarding-widget,dashboards,desc,4,11.8,1.63,0,0,3,WEAK,"Product onboarding dashboards | Account setup wizards"
multi-step-signup-wizard,forms,desc,4,11.8,1.63,0,0,3,WEAK,"SaaS account creation | Subscription plan selection"
scrollout-timeline-cascade,scroll,text,4,12.3,1.63,0,0,3,WEAK,"Company timelines | Changelog pages"
chartist-animated-line-chart,charts,text,4,12.5,1.63,0,1,1,WEAK,"Analytics dashboards | Report and export pages"
prismjs-code-block-copy-line-highlight,layouts,desc,4,11.5,1.63,2,0,1,WEAK,"API and product documentation | Changelog and diff-style displays"
tree-table-expandable-nested-rows,tables,desc,4,11,1.63,1,0,3,WEAK,"Chart of accounts and budgets | Org charts and permission trees"
swiper-coverflow-3d-product-carousel,carousels,desc,4,11.8,1.63,1,1,1,WEAK,"Music and media browsers | Learning 3D transforms in sliders"
swiper-multirow-grid-carousel,carousels,desc,4,11.8,1.63,1,0,3,WEAK,"App-style icon launchers | Widget and template galleries"
grouped-rows-table,tables,text,6,10.7,1.67,3,0,0,WEAK,"Sales by region or rep | Inventory by warehouse"
coin-flip,games,text,6,11,1.67,2,0,2,WEAK,"Sports and matchups | Party and icebreaker apps"
sticky-sidebar,layouts,text,6,12.3,1.67,1,1,2,WEAK,"Dashboards and reports | Product and pricing pages"
dynamic-tabs,navigation,text,6,11.5,1.67,2,0,2,WEAK,"Multi-document apps | Browser-like interfaces"
polar-area-chart,charts,text,6,11.8,1.67,2,0,2,WEAK,"Survey category comparison | Wind rose and direction data"
step-line-chart,charts,text,6,12,1.67,2,0,2,WEAK,"Feature flags and config states | Rate and threshold history"
range-bar-chart,charts,text,6,11,1.67,2,0,2,WEAK,"Price and estimate ranges | Score and benchmark bands"
skeleton-card-grid,loaders,text,6,10.8,1.67,2,0,2,WEAK,"Search and gallery results | Profile and content cards"
fullscreen-menu,navigation,text,6,12.2,1.67,2,0,2,WEAK,"Landing and campaign pages | Product and launch sites"
selectable-table,tables,text,6,11.2,1.67,2,0,2,WEAK,"Moderation and review queues | Export and assignment flows"
ken-burns,carousels,text,6,10,1.67,3,0,2,WEAK,"Product and lookbook showcases | Landing-page backgrounds"
tag-cloud,navigation,text,6,10.5,1.67,2,0,2,WEAK,"Product category browsing | Analytics term frequency"
voting-buttons,buttons,text,6,10,1.67,2,0,0,WEAK,"Changelog reactions | Learning the pattern"
scroll-phone-screens,scroll,text,6,10.7,1.67,1,1,0,WEAK,"Portfolio case studies | App landing pages"
scroll-before-after,scroll,text,6,11.2,1.67,2,0,0,WEAK,"Renovation reveals | Product upgrades"
flip-card-modal,modals,text,6,11.5,1.67,1,1,0,WEAK,"Portfolio case studies | Team bios"
motion-path-plane,animations,text,6,10.7,1.67,3,0,0,WEAK,"Hero ambience | Orbital systems"
scroll-smoother-parallax,scroll,text,6,10,1.67,3,0,0,WEAK,"Product marketing pages | Interactive resumes"
scrollto-anchor-nav,navigation,text,6,10,1.67,2,0,0,WEAK,"Onboarding walkthroughs | Smoothed pages"
ai-token-usage-meter,dashboards,text,6,9.8,1.67,2,0,0,WEAK,"API developer dashboards | Team usage dashboards"
ai-diff-review-card,cards,text,6,11.2,1.67,1,0,2,WEAK,"Learning tools | PR review bots"
ai-persona-selector,cards,text,6,10.5,1.67,1,0,2,WEAK,"Writing assistant tools | Customer support widgets"
staking-rewards-card,cards,text,6,10.2,1.67,2,0,0,WEAK,"DeFi yield products | Portfolio overviews"
css-anchor-tooltip-menu,navigation,text,6,10.2,1.67,1,0,2,WEAK,"Form field helper popovers | Account and settings dropdowns"
content-calendar-grid,dashboards,text,6,11,1.67,1,0,2,WEAK,"Social media schedulers | Marketing content calendars"
seo-score-meter,dashboards,text,6,11,1.67,1,0,2,WEAK,"Onboarding progress | Content editor sidebars"
donation-thermometer,charts,text,6,11.2,1.67,1,0,2,WEAK,"School and PTA fundraisers | Nonprofit campaign pages"
podcast-episode-chapters,media,text,6,11.2,1.67,2,0,2,WEAK,"Long-form video and lecture platforms | Meeting and webinar recordings"
virtualized-table,tables,text,6,11.3,1.67,0,0,4,WEAK,"Large admin data grids | Log and event viewers"
table-conditional-formatting,tables,text,6,12.2,1.67,2,0,2,WEAK,"Inventory and stock-level monitoring | Financial and budget tracking"
table-export-menu,tables,text,6,12.3,1.67,1,1,2,WEAK,"Compliance and audit trails | Inventory and operations"
table-cell-validation-errors,tables,text,6,12,1.67,2,0,2,WEAK,"Contact and CRM imports | Onboarding and setup forms"
hero-typewriter-terminal-boot,heroes,text,6,10,1.67,1,0,2,WEAK,"Learning sequenced JS animation timing | Developer tool and infrastructure homepages"
live-viewer-count-badge,dashboards,text,6,11,1.67,1,0,2,WEAK,"Sports and news live blogs | Virtual event and webinar pages"
scroll-comic-panels,scroll,text,6,10.5,1.67,1,0,2,WEAK,"Digital comics and webtoon-style content | Product launch teasers"
scroll-glb-model-carousel,scroll,text,6,11.3,1.67,1,0,2,WEAK,"Alongside the single-model turntable | Multi-product scroll showcases"
text-diff-checker,dev,text,6,11.7,1.67,0,0,4,WEAK,"Contract and legal document review | Content editing and copyediting tools"
bootstrap-timezone-selector,forms,desc,3,13.7,1.67,1,0,2,WEAK,"Scheduling, calendar, and meeting-planning tools | Dashboards showing data across multiple regions"
bootstrap-feature-flag-toggle-panel,dashboards,desc,3,11,1.67,1,0,0,WEAK,"Internal dashboards controlling gradual feature rollouts | Internal admin tools for engineering and product teams"
velocity-js-elastic-menu,navigation,text,6,11.2,1.67,1,0,2,WEAK,"Learning Velocity easing | Account switchers"
babylon-js-particle-fountain,animations,text,6,12,1.67,0,0,4,WEAK,"Celebratory effects | 3D landing page hero elements"
muuri-drag-reorder-photo-grid,layouts,text,5,11.8,1.7,0,0,3,WEAK,"Photo album managers | Product image reordering"
glide-js-logo-carousel-autoplay,carousels,text,5,11.2,1.7,0,0,3,WEAK,"Investor/partner pages | Conference/sponsor pages"
video-scrub-comparison-slider,media,desc,4,14,1.75,0,0,4,WEAK,"Before/after software demo comparisons | Video filter or effect marketing pages"
star-rating-drag-slider,forms,desc,4,12.3,1.75,0,0,4,WEAK,"Feedback and satisfaction surveys | Content or difficulty rating on cards"
elastic-bounce-range-slider,forms,desc,4,11.8,1.75,0,0,2,WEAK,"Tactile settings sliders | Playful onboarding or demo controls"
page-dots-nav,navigation,text,6,13.3,1.75,2,1,1,WEAK,"Product landing pages | Scrollytelling and pitch decks"
scatter-plot,charts,text,6,12.5,1.75,2,0,3,WEAK,"Scientific and lab results | Pricing and demand curves"
multi-line-chart,charts,text,6,11.8,1.75,2,0,1,WEAK,"Cohort and funnel comparison | Finance and price history"
typing-indicator,loaders,text,6,11.7,1.75,1,1,1,WEAK,"Comment and reply threads | Collaborative editors"
segmented-progress,loaders,text,6,11.2,1.75,2,0,1,WEAK,"Surveys and quizzes | Onboarding wizards"
roi-calculator,pricing,text,6,11,1.75,2,0,3,WEAK,"Landing-page lead magnets | Internal business cases"
anime-ripple-grid,animations,text,6,11.3,1.75,1,0,1,WEAK,"Game and puzzle UI | Interactive hero backdrops"
frozen-columns-table,tables,text,6,12,1.75,0,0,3,WEAK,"Financial and revenue dashboards | Timesheet and scheduling grids"
hero-newsletter-benefit-list,heroes,text,6,10.8,1.75,0,0,3,WEAK,"Independent newsletters | Media and publication homepages"
glb-ar-pedestal-viewer,media,text,6,12.2,1.75,0,1,1,WEAK,"Alongside other GLB viewers | Trophy, award, and collectible showcases"
recipient-chip-input,forms,text,6,13.2,1.75,0,0,5,WEAK,"Email composition forms | Newsletter and campaign tools"
footer-accordion-mobile-collapse,footers,desc,4,12.5,1.75,0,0,2,WEAK,"SaaS Product Site Footers | E-commerce Footers"
hero-live-social-proof-counter,heroes,desc,4,12.3,1.75,0,1,0,WEAK,"Product Launch Pages | SaaS Landing Page Social Proof"
simple-tone-synth-pad,media,desc,4,12.3,1.75,1,0,2,WEAK,"Music app onboarding or demos | Web Audio envelope teaching demos"
mouse-move-parallax-hero,heroes,desc,4,10.3,1.75,1,0,0,WEAK,"Portfolio and agency sites | Product and SaaS landing pages"
three-way-theme-toggle-switch,buttons,desc,4,13,1.75,0,0,2,WEAK,"Design system theme documentation | Teaching CSS custom property theming"
drag-reorder-list,layouts,desc,4,10.8,1.75,0,0,2,WEAK,"Task and priority managers | Settings and preference ordering"
drag-drop-image-sort-gallery,layouts,desc,4,13,1.75,0,0,2,WEAK,"Photo and portfolio galleries | CMS media managers"
lazy-load-image-grid-observer,layouts,desc,4,12.8,1.75,1,0,2,WEAK,"Teaching performance-conscious image loading | Portfolio and product listing pages"
caption-crossfade-carousel,carousels,desc,4,12.8,1.75,1,0,2,WEAK,"App feature announcement banners | Editorial or magazine-style rotators"
category-drilldown-carousel,carousels,desc,4,13.3,1.75,0,0,2,WEAK,"Portfolio sections organized by discipline | Menu or catalog browsers by section"
interact-js-resizable-panel,layouts,text,6,11.5,1.75,0,0,3,WEAK,"Dashboard widget panels | Design tool floating palettes"
wow-js-pricing-table-reveal,pricing,text,4,13.3,1.75,1,1,2,WEAK,"Plan upgrade prompts | SaaS pricing pages"
scrollout-scroll-progress-bar,scroll,text,4,14,1.75,1,1,4,WEAK,"Landing pages with long scroll | Documentation sites"
chartist-animated-donut-chart,charts,text,4,11,1.75,0,0,2,WEAK,"Budget and allocation views | Summary dashboard cards"
sortablejs-draggable-task-board,dashboards,text,4,13.5,1.75,0,0,4,WEAK,"Kanban and project boards | Pipeline and status tracking"
fuse-typo-tolerant-product-search,forms,desc,4,12.8,1.75,1,0,2,WEAK,"Contact and directory lookup | Help centre article search"
filepond-image-upload-preview-reorder,forms,desc,4,12.5,1.75,1,0,2,WEAK,"Profile and portfolio galleries | CMS media uploads"
marked-dompurify-live-markdown-preview,forms,desc,4,10.8,1.75,1,0,0,WEAK,"CMS and note-taking tools | Comment boxes and forums"
codemirror-json-editor-validation-gutter,forms,desc,4,13.3,1.75,1,0,2,WEAK,"Feature-flag and schema editing | Learning error location"
tabulator-editable-cells-validation,tables,desc,4,11.5,1.75,1,0,2,WEAK,"Budgeting and invoice line items | Bulk data cleanup tools"
swiper-infinite-logo-marquee,carousels,desc,4,12.3,1.75,1,0,2,WEAK,"Brand and press mentions | Technology and integration lists"
interactjs-pinch-zoom-rotate-surface,mobile,desc,4,11.3,1.75,1,0,2,WEAK,"Product try-on and preview tools | Sticker and collage editors"
muuri-draggable-dashboard-widgets,dashboards,text,5,11.8,1.8,0,1,2,WEAK,"Admin control panels | Internal tools"
rough-js-sketchy-annotation-highlight,animations,text,5,12.2,1.8,0,0,2,WEAK,"Interactive reading/study tools | Documentation emphasis"
split-flap-display,animations,desc,6,12.7,1.83,0,0,4,WEAK,"Live status boards | Countdown and reveals"
radar-chart,charts,desc,6,11.5,1.83,0,0,2,WEAK,"Skill and competency maps | RPG character sheets"
text-particles,animations,desc,6,13,1.83,0,0,4,WEAK,"Event countdowns and reveals | Title and score screens"
team-presence-list,cards,text,6,14,1.83,1,0,2,WEAK,"Video call and meeting apps | Customer support dashboards"
stat-comparison-card,dashboards,text,6,14.7,1.83,1,1,2,WEAK,"Ops and SaaS health | Revenue and sales overviews"
dice-roller,games,text,6,12.3,1.83,1,1,2,WEAK,"Decision and party apps | Learning CSS 3D transforms"
holy-grail-layout,layouts,text,6,12.8,1.83,1,1,0,WEAK,"Documentation sites | Web app starting point"
circular-countdown,loaders,text,6,10.7,1.83,2,0,0,WEAK,"Break and focus timers | Resend and rate-limit cooldowns"
multi-step-modal,modals,text,6,12.3,1.83,2,0,2,WEAK,"Feature introductions | Checkout in a modal"
scroll-typewriter,scroll,text,6,12.2,1.83,1,1,0,WEAK,"Product storytelling | Portfolio intros"
scroll-card-fan,scroll,text,6,10.5,1.83,1,0,0,WEAK,"Plan pickers | Feature intros"
scroll-tile-assemble,scroll,text,6,10.8,1.83,1,0,0,WEAK,"Puzzle campaigns | Brand reveals"
scroll-reading-time,scroll,text,6,11.5,1.83,1,0,0,WEAK,"Newsletters on web | Blog posts"
scroll-chat-story,scroll,text,6,10.8,1.83,1,0,0,WEAK,"Interactive fiction | Testimonial stories"
three-network-graph,animations,desc,6,13.8,1.83,0,1,4,WEAK,"Portfolio and agency showpieces | Knowledge graph and data visualizations"
crypto-price-ticker-card,cards,text,6,11.5,1.83,0,0,2,WEAK,"Exchange watchlists | Learning SVG sparklines"
gas-fee-estimator,tools,text,6,10.8,1.83,1,0,0,WEAK,"dApp settings panels | Wallet send flows"
live-region-announcer-demo,visualizers,text,6,11.3,1.83,1,0,2,WEAK,"Cart and checkout flows | Form submissions"
version-history-timeline,dashboards,text,6,12.7,1.83,1,0,2,WEAK,"Code review context | Design file history"
shared-doc-presence-bar,cards,text,6,11.7,1.83,0,0,2,WEAK,"Collaborative document editors | Code review and IDE tools"
invoice-line-items-table,tables,text,6,12.2,1.83,1,0,2,WEAK,"Subscription upgrade flows | Expense reports"
table-search-highlight,tables,text,6,12.2,1.83,0,1,2,WEAK,"Directories and CRMs | Documentation and FAQ tables"
resend-otp-timer,forms,text,6,11.8,1.83,3,0,2,WEAK,"Payment confirmation PINs | Account sign-up verification"
bootstrap-api-response-viewer,dashboards,desc,3,13,1.83,1,0,1,WEAK,"Internal admin tools and API debugging dashboards | Webhook and integration testing tools"
vertical-story-slider,mobile,desc,4,14,1.88,0,0,3,WEAK,"Onboarding walkthroughs | Case study or portfolio highlights"
countdown-ring-carousel,carousels,desc,4,13.8,1.88,0,0,3,WEAK,"Announcement or promo rotators | Kiosk or signage displays"
vertical-dual-range-slider,forms,desc,4,14,1.88,0,0,3,WEAK,"Temperature or thermostat range setting | Data dashboard threshold ranges"
image-comparison-slider,media,desc,4,12,1.88,0,0,3,WEAK,"Photo Editing Demos | Home Renovation / Design"
scroll-margin-annotations-sync,scroll,desc,4,12.8,1.88,0,0,1,WEAK,"Educational Reading Platforms | Annotated Technical Articles"
icon-toolbar-roving-tabindex,buttons,desc,4,12.5,1.88,0,0,1,WEAK,"Rich Text Editor Toolbars | Design Tool Property Panels"
control-chart-spc-limits,charts,desc,4,14.3,1.88,0,0,3,WEAK,"Response Time / Latency Monitoring | Data Pipeline Health Monitoring"
nested-sidebar-active-path-nav,navigation,desc,4,15,1.88,0,0,3,WEAK,"Admin Panel Navigation | Knowledge Base / Help Center Sidebars"
deployment-pipeline-stage-tracker,dashboards,desc,4,13.8,1.88,0,0,3,WEAK,"CI/CD Dashboard Widgets | Release Management Tools"
css-only-parallax-perspective-section,scroll,desc,4,12.3,1.88,0,0,1,WEAK,"Static site generators and CMS templates | Marketing and storytelling pages"
login-form-with-social-buttons,forms,desc,4,11,1.88,0,0,1,WEAK,"Design system auth components | Application login screens"
account-permission-matrix-table,tables,desc,4,13.3,1.88,0,0,3,WEAK,"Team and workspace admin panels | SaaS billing and enterprise plan management"
ai-agent-step-timeline,dashboards,desc,4,13,1.88,0,0,1,WEAK,"Product demos and marketing pages for agentic features | AI agent and copilot product dashboards"
pomodoro-countdown-timer,tools,desc,4,12,1.88,0,0,1,WEAK,"Browser extensions and desktop productivity widgets | Productivity and focus-tracking apps"
kanban-drag-drop-board,dashboards,desc,4,12.5,1.88,0,0,1,WEAK,"Project management dashboards | Reference for HTML5 drag-and-drop"
persistent-notes-app-localstorage,dashboards,desc,4,10.8,1.88,0,0,1,WEAK,"Idea boards and brainstorming tools | Personal note-taking widgets"
draft-autosave-form-localstorage,forms,desc,4,12,1.88,0,0,1,WEAK,"Long-form editors and support tickets | Comment and message composers"
imask-currency-input-live-formatting,forms,desc,4,13.3,1.88,0,0,3,WEAK,"Invoicing and budgeting tools | Pricing admin screens"
cleave-phone-number-by-country,forms,desc,4,15,1.88,0,0,3,WEAK,"Checkout delivery details | CRM data entry"
quill-rich-text-custom-toolbar,forms,desc,4,12.3,1.88,0,0,3,WEAK,"Comment and review forms | Email and notification templates"
tabulator-grouped-rows-aggregates,tables,desc,4,12.5,1.88,0,0,3,WEAK,"Finance and expense tables | Support and operations queues"
swiper-thumbnail-synced-gallery,carousels,desc,4,13.8,1.88,0,0,3,WEAK,"Photo albums and travel posts | Real-estate listings"
swiper-autoplay-progress-ring,carousels,desc,4,11.8,1.88,1,0,1,WEAK,"Promotional banners | Accessible auto-advancing content"
sortablejs-handle-filtered-locked-rows,dashboards,desc,4,11.5,1.88,1,0,1,WEAK,"Menu and settings ordering | Checklists with mandatory steps"
css-only-checkbox-accordion,navigation,desc,5,13.4,1.9,0,0,3,WEAK,"FAQ and Support Pages | Expandable Sections in HTML Email"
async-task-completion-ring,loaders,desc,5,13.2,1.9,0,0,3,WEAK,"App onboarding / setup sequences | Multi-step form submission"
realistic-network-progress-bar,loaders,desc,5,12.4,1.9,0,0,3,WEAK,"Large asset or model downloads in AI tools | Onboarding ""preparing your workspace"" screens"
streaming-text-skeleton-reveal,loaders,desc,5,13,1.9,0,0,3,WEAK,"Search result summaries with AI overviews | Live transcription and captioning UIs"
css-view-timeline-card-flip-in,scroll,desc,5,12.6,1.9,0,0,1,WEAK,"Feature grid sections | Pricing or plan comparison cards"
css-scroll-timeline-gauge-needle,scroll,desc,5,11.4,1.9,2,0,1,WEAK,"Automotive or hardware marketing pages | Replace a JS-driven gauge library"
scroll-canvas-generative-flow-field,scroll,desc,5,12.2,1.9,0,0,1,WEAK,"Data or analytics platform landing pages | Generative art and creative-coding portfolios"
sortablejs-ranked-list-reorder,layouts,text,5,12.4,1.9,0,0,3,WEAK,"Survey ranking questions | Playlist ordering"
live-visitor-counter,dashboards,text,6,12.7,1.92,1,1,1,WEAK,"Event and ticket sales pages | Real estate and rental listings"
integration-cards,cards,text,6,13,1.92,2,0,3,WEAK,"App marketplaces and directories | Workspace and team settings"
flip-clock,animations,text,6,12,1.92,2,0,1,WEAK,"Kiosks and signage | Animated number displays"
fullscreen-search-overlay,modals,text,6,12.3,1.92,2,0,2,WEAK,"Knowledge bases & wikis | E-commerce site search"
gooey-menu,animations,text,6,12.3,1.92,2,0,1,WEAK,"Compose and create menus | Playful mobile UIs"
indeterminate-bar,loaders,text,6,11.7,1.92,2,0,1,WEAK,"Background tasks | Skeletons and placeholders"
animated-stat-row,dashboards,text,6,13.8,1.92,2,0,1,WEAK,"Product and pricing pages | Annual reports and recaps"
payment-success-card,cards,text,6,12,1.92,0,0,1,WEAK,"Invoice payment portals | Checkout confirmation screens"
three-crystal-cluster,animations,desc,6,14.5,1.92,0,1,3,WEAK,"Portfolio and agency showpieces | Meditation and wellness app visuals"
nft-mint-progress,cards,text,6,12,1.92,0,0,1,WEAK,"Waitlist and allowlist mints | NFT drop pages"
subscription-pause-resume,cards,text,6,12.7,1.92,0,0,3,WEAK,"Meal kit and box subscriptions | Account retention flows"
api-response-inspector,dashboards,text,6,11.5,1.92,1,0,1,WEAK,"API documentation sites | Webhook debuggers"
sleep-cycle-chart,charts,text,6,12.7,1.92,0,0,3,WEAK,"Sleep tracking apps | Weekly sleep trend reports"
workout-interval-timer,tools,text,6,12.3,1.92,0,0,3,WEAK,"HIIT and Tabata workouts | Circuit training apps"
coverage-comparison-table,tables,text,6,12.3,1.92,1,0,3,WEAK,"Health insurance tiers | Auto and home insurance plans"
recurring-donation-toggle,forms,text,6,10.8,1.92,1,0,1,WEAK,"Crowdfunding platforms | Membership and subscriber support"
table-sticky-summary-row,tables,text,6,11.7,1.92,0,0,3,WEAK,"Budget and expense tracking | Financial and accounting tables"
table-row-context-menu,tables,text,6,12,1.92,2,0,1,WEAK,"Spreadsheet-like tools | Content and asset libraries"
loader-liquid-fill-progress,loaders,text,6,11.5,1.92,0,0,1,WEAK,"Loading-state exploration | Onboarding and gamified progress"
scroll-constellation-connect-dots,scroll,desc,6,13.3,1.92,1,0,1,WEAK,"Space or exploration game landing pages | Astronomy and science education"
autoanimate-kanban-column,dashboards,text,6,11.7,1.92,1,0,1,WEAK,"Playlist or queue managers | Kanban and task boards"
fan-expand-carousel,carousels,desc,4,15.3,2,0,0,4,OK,"Team or department showcases | Portfolio project previews"
discrete-snap-slider,forms,desc,4,14.3,2,0,0,4,OK,"Plan or tier pickers | Difficulty or intensity settings"
physics-balls,animations,desc,6,13.5,2,1,0,2,OK,"Generative backgrounds | Teaching collision math"
color-wheel-picker,forms,desc,6,13.5,2,0,0,4,OK,"CSS color tooling | Teaching color models"
speech-to-text,forms,desc,6,13.3,2,0,0,4,OK,"Note-taking apps | Language practice"
image-filter-editor,tools,desc,6,14,2,0,0,4,OK,"CSS filter generator | Avatar and profile tools"
voice-memo-recorder,media,text,6,15,2,1,1,2,OK,"Voice journaling and note-taking apps | Language learning and pronunciation apps"
multi-email-input,forms,text,6,13.5,2,1,0,2,OK,"Email composer To/CC/BCC | Bulk notification recipients"
bulk-actions-bar,tables,text,6,13.7,2,1,0,2,OK,"File and media managers | Order and inventory management"
vertical-stepper,forms,text,6,13.2,2,1,0,2,OK,"Course and tutorial flows | KYC and application forms"
scroll-accordion,scroll,text,6,11.8,2,1,0,0,OK,"How-it-works sections | Feature tours"
three-product-viewer,media,desc,6,14.7,2,0,2,2,OK,"Portfolio and agency showpieces | E-commerce product pages"
avatar-stack,cards,desc,4,14,2,1,0,2,OK,"Team & Project Members | Pull Request Reviewers"
task-approval-flow-card,cards,text,6,12.3,2,1,0,0,OK,"Expense and budget requests | Content publishing approvals"
meeting-scheduler-poll,forms,text,6,12.7,2,0,0,2,OK,"Interview or event coordination | Class or workshop scheduling"
gift-wrap-option-card,cards,text,6,11.5,2,0,0,0,OK,"E-commerce checkout add-ons | Gift card and gift-shop flows"
product-bundle-builder,cards,text,6,12.3,2,0,0,2,OK,"E-commerce upsells | Subscription add-on selection"
funnel-conversion-steps,charts,text,6,12.5,2,0,0,2,OK,"Signup and onboarding flows | Marketing campaign reports"
spreadsheet-keyboard-nav-table,tables,text,6,12.7,2,0,0,2,OK,"Import review and correction UIs | Bulk data entry grids"
diff-table,tables,text,6,13.3,2,0,0,2,OK,"Database migration review | Spreadsheet import review"
table-multi-sort,tables,text,6,13,2,0,0,2,OK,"Leaderboards and rankings | Inventory and catalog browsing"
table-print-view,tables,text,6,11.3,2,2,0,0,OK,"Compliance and audit reports | Attendance and roster sheets"
hero-search-bar-centerpiece,heroes,text,6,11.8,2,0,0,2,OK,"Search products and directories | Internal tools and knowledge bases"
hero-waitlist-position-counter,heroes,text,6,11.8,2,0,0,2,OK,"Course or cohort enrollment waitlists | Learning genuine vs. decorative UI state"
half-star-rating-input,forms,text,6,12.3,2,0,0,4,OK,"Hotel and travel booking sites | Internal feedback and NPS-style forms"
delete-confirmation-modal,modals,desc,6,15,2,0,0,6,OK,"Account and data deletion flows | File and document management"
user-role-permission-card,cards,desc,4,15.3,2,0,0,2,OK,"CMS Contributor Role Assignment | Enterprise Admin Consoles"
timezone-meeting-overlap-finder,tools,desc,4,14,2,0,0,2,OK,"Remote Team Meeting Scheduling | Scheduling Tool Integration"
view-timeline-card-rotate-3d,scroll,desc,5,14.2,2,0,0,2,OK,"Portfolio and case study pages | Marketing landing page storytelling"
scroll-snap-view-timeline-carousel,carousels,desc,5,12.6,2,0,0,0,OK,"Story and highlight carousels | Product or portfolio spotlight rows"
scroll-reveal-counter-stats,scroll,desc,5,12,2,0,0,2,OK,"Annual report and investor pages | Product dashboard landing sections"
ai-token-flicker-typing-loader,loaders,desc,5,12.6,2,0,0,2,OK,"AI writing assistants | Search-with-AI and summarization tools"
modal-whats-new-changelog,modals,desc,5,13.8,2,0,0,2,OK,"SaaS product release announcements | Internal tools and admin dashboards"
audio-waveform-tone-visualizer,media,desc,4,11.3,2,0,0,0,OK,"Web Audio API learning demos | Synth or DAW-style tools"
card-component-light-dark-preview,cards,desc,4,15,2,0,0,4,OK,"Component documentation pages | Pull request screenshots and reviews"
two-factor-otp-verification-screen,forms,desc,4,12.3,2,0,0,2,OK,"Two-factor authentication flows | Phone or email verification"
ai-prompt-composer-with-token-meter,forms,desc,4,13.3,2,0,0,2,OK,"Multi-model product demos | AI chat and prompt-based product interfaces"
lap-stopwatch-with-splits,tools,desc,4,12,2,1,0,0,OK,"Timed testing, cooking, or productivity tools | Fitness, running, and workout tracking apps"
scrollspy-section-nav-observer,navigation,desc,4,13.3,2,0,0,0,OK,"Reference for IntersectionObserver scrollspy | Documentation and long-form content sites"
bootstrap-advanced-search-panel,forms,desc,3,13.3,2,0,0,0,OK,"Support ticket and issue-tracking dashboards | Any list view needing more than a single search box"
bootstrap-deployment-status-panel,dashboards,desc,3,13.7,2,1,0,2,OK,"Internal deployment dashboards and CI/CD tooling | Status pages showing a release rolling out"
bootstrap-csv-import-preview,forms,desc,4,14,2,0,0,2,OK,"Internal data migration and onboarding tools | Guarding against the same file being imported twice"
bootstrap-currency-switcher,pricing,desc,3,11.7,2,0,0,0,OK,"Pricing pages for an internationally-facing product | Ecommerce product pages showing region-aware pricing"
bootstrap-drag-to-reorder-list,layouts,desc,4,14.3,2,1,0,0,OK,"Priority lists, to-do ordering, and custom sort preferences | Dashboard widget or navigation menu ordering"
drag-reorder-carousel,carousels,desc,4,14.3,2,0,0,4,OK,"Custom homepage or dashboard widget ordering | Onboarding step customization"
orbit-carousel,carousels,desc,4,15,2,0,0,4,OK,"Featured product or category pickers | Team or org structure visualizations"
rolodex-flip-carousel,carousels,desc,4,13.3,2,0,0,2,OK,"Onboarding or feature intro cards | Learning chained CSS keyframe animations"
scroll-canvas-particle-text-formation,scroll,desc,5,13.2,2,1,1,2,OK,"Generative art and creative-coding portfolios | Album and product launch pages"
three-scroll-shader-ripple-distortion,scroll,desc,5,12.8,2,0,0,2,OK,"Music and album launch pages | Agency or studio hero sections"
popmotion-spring-toggle-switch,buttons,text,6,12.8,2,0,0,4,OK,"Settings toggles | Physical-feeling UI kits"
wow-js-scroll-reveal-cards,cards,text,5,12.2,2,0,0,2,OK,"Onboarding walkthroughs | Marketing sections"
chartist-animated-bar-race,charts,text,4,13.3,2,0,0,2,OK,"Leaderboards and rankings | Sales and revenue snapshots"
intl-tel-input-phone-field,forms,desc,4,13.5,2,0,0,2,OK,"International checkout | CRM and lead forms"
pickr-inline-color-picker-swatches,forms,desc,4,14.8,2,0,0,2,OK,"Accessibility auditing | White-label dashboards"
cropperjs-avatar-crop-live-preview,forms,desc,4,13.5,2,0,0,2,OK,"Account settings pages | CMS author and staff directories"
cropperjs-social-aspect-ratio-presets,forms,desc,4,12.3,2,0,0,2,OK,"Marketplace listing photos | Learning ratio versus resolution"
panzoom-zoomable-floor-plan,media,desc,4,14.3,2,0,0,2,OK,"Seating charts and maps | Technical diagrams"
medium-zoom-article-image-zoom,media,desc,4,13.8,2,0,0,2,OK,"Charts and infographics | Learning performance patterns"
gridjs-lightweight-searchable-table,tables,desc,4,13.5,2,0,0,2,OK,"Lightweight dashboards | Internal tools"
pattern-lock,forms,desc,6,12,2.08,0,0,1,OK,"Parental controls | Kiosk and demo security"
address-autocomplete,forms,text,6,14.2,2.08,0,0,3,OK,"Sign-up and profile forms | Store and service locators"
spotlight-card,cards,text,6,13.8,2.08,1,0,1,OK,"Portfolio and project tiles | Dashboard widget cards"
input-mask,forms,text,6,14.3,2.08,0,0,3,OK,"Booking and date entry | Invoicing and finance"
tree-table,tables,text,6,14,2.08,0,0,3,OK,"File and folder explorers | Category and taxonomy management"
horizontal-bar-chart,charts,text,6,12.2,2.08,0,0,1,OK,"Resource and budget breakdowns | Leaderboards and standings"
bubble-chart,charts,text,6,13.5,2.08,1,0,1,OK,"Scientific and survey data | Risk vs. reward quadrants"
bullet-chart,charts,text,6,13.2,2.08,1,0,1,OK,"Performance reviews | Sales and revenue dashboards"
split-screen-layout,layouts,text,6,13.3,2.08,0,0,1,OK,"Product category gateways | Choice and onboarding screens"
floating-share-dock,navigation,text,6,16,2.08,0,1,1,OK,"News and magazine layouts | Documentation and guides"
cookie-toggle-panel,modals,text,6,14.7,2.08,1,0,1,OK,"SaaS and dashboards | Marketing sites with analytics"
three-synthwave-terrain,animations,desc,6,14.2,2.08,0,2,1,OK,"Music and event visuals | Portfolio and agency showpieces"
three-dna-helix,animations,desc,6,14,2.08,0,1,3,OK,"Portfolio and agency showpieces | Biology and science education sites"
three-scroll-particle-assembly,scroll,desc,6,14,2.08,0,0,3,OK,"Generative art sections | Teaching buffer-geometry animation"
css-if-conditional-demo,visualizers,text,6,13.3,2.08,0,0,1,OK,"Design system prototyping | Learning emerging CSS features"
table-inline-add-row,tables,text,6,12.7,2.08,0,0,3,OK,"Contact and CRM lists | Team and roster management"
table-column-group-headers,tables,text,6,13.8,2.08,1,0,1,OK,"Scientific and survey data | Multi-metric comparisons"
app-store-rating-prompt,modals,text,6,14,2.08,0,0,5,OK,"Post-purchase satisfaction surveys | In-app support triage"
three-scroll-sand-dune-drift,scroll,desc,6,14,2.08,0,1,1,OK,"Scroll-story chapter breaks | Procedural terrain and generative art portfolios"
scroll-radar-sweep-reveal,scroll,desc,6,14.7,2.08,1,0,3,OK,"Data visualization or geolocation education | Monitoring or ops dashboard hero"
tooltip,modals,desc,5,13,2.1,0,0,1,OK,"Form Field Hints | Icon-Only Buttons"
hero-rotating-testimonial-spotlight,heroes,desc,5,14.4,2.1,0,0,3,OK,"Learn accessible carousel pause handling | Marketplace and services platforms"
view-timeline-saturation-gallery,scroll,desc,5,14.4,2.1,0,0,1,OK,"Product carousels with a centered hero item | Photography and portfolio filmstrips"
agent-task-segment-tracker,loaders,desc,5,14.2,2.1,1,0,3,OK,"Document generation and analysis tools | Teaching sequential async orchestration"
stage-progress-fill-checklist,loaders,desc,5,12.2,2.1,1,0,1,OK,"Document processing and export tools | Teaching sequential per-stage progress patterns"
hero-voice-waveform-input,heroes,desc,5,13.6,2.1,1,0,1,OK,"Smart speaker and IoT companion app marketing | Voice assistant and dictation product pages"
hero-scrollytelling-split-feature-list,heroes,desc,5,13,2.1,0,0,1,OK,"Feature announcement and changelog pages | Learn IntersectionObserver-based scrollytelling"
hero-integration-ecosystem-grid,heroes,desc,5,13.8,2.1,0,0,1,OK,"Sales and RFP-facing product pages | Integrations and app marketplace landing pages"
bootstrap-forgot-password-form,forms,desc,5,13.6,2.1,1,0,1,OK,"Login pages with a ""Forgot password?"" link | Learning string masking and countdown timers"
css-scroll-timeline-progress-ring,scroll,desc,5,13.4,2.1,0,0,1,OK,"Long-form article reading progress | Portfolio case-study pages"
three-scroll-shader-fluid-gradient-wave,scroll,desc,5,13.2,2.1,0,0,1,OK,"Agency, studio, or SaaS hero sections | Music and wellness/meditation app launches"
autoplay-progress-carousel,carousels,desc,4,14,2.13,0,0,3,OK,"Product announcement rotators | Testimonial or social-proof rotators"
magnetic-snap-carousel,carousels,desc,4,14,2.13,0,0,1,OK,"Icon or app launcher rows | Navigation bars with rich hover feedback"
filter-reactive-carousel,carousels,desc,4,14.8,2.13,0,0,3,OK,"Content hubs filtered by topic | Product category browsers"
gradient-fill-value-slider,forms,desc,4,14.8,2.13,0,0,3,OK,"Confidence or probability inputs | Health, budget, or capacity meters"
multi-directional-2d-slider,forms,desc,4,13.8,2.13,0,0,1,OK,"Dashboard grid navigation | Panoramic or map-style image browsers"
corner-peel-card-hover,animations,desc,4,14,2.13,0,0,3,OK,"Product Card Secondary Info | Gamified Reveal Elements"
step-validation-gated-wizard-modal,modals,desc,4,14.8,2.13,0,0,3,OK,"Account Onboarding Wizards | Admin Setup Wizards"
tower-stack-timing-game,games,desc,4,12.5,2.13,0,0,1,OK,"Teaching Interval Intersection Math | Timing-Game Mechanics Reference"
connection-pool-monitor-tile,dashboards,desc,4,13.3,2.13,0,0,3,OK,"Incident Triage Views | Capacity Planning Reviews"
unit-conversion-linked-inputs,forms,desc,4,14.3,2.13,0,0,1,OK,"Health and fitness data entry | Recipe and cooking converters"
dark-mode-css-variable-palette-demo,visualizers,desc,4,13.5,2.13,0,0,1,OK,"Design system documentation | Dark mode implementation reference"
dashboard-shell-with-dark-mode,dashboards,desc,4,13.3,2.13,0,0,1,OK,"Admin and analytics dashboards | SaaS product shells"
password-reset-flow-card,cards,desc,4,12.5,2.13,0,0,1,OK,"Account recovery and password reset pages | Design systems needing a reference multi-step card"
bootstrap-reauthentication-modal,modals,desc,4,13.5,2.13,0,0,1,OK,"Account deletion and irreversible destructive actions | Changing an email address, password, or payment method"
bootstrap-webhook-event-viewer,dashboards,desc,4,13.8,2.13,1,0,1,OK,"Internal API and integration monitoring tools | Admin panels for a platform sending webhooks to customers"
view-transition-carousel,carousels,desc,4,12.5,2.13,0,0,1,OK,"Progressive enhancement showcases | Modern-browser-first product pages"
nouislider-vertical-eq-sliders,forms,desc,4,14.3,2.13,0,0,1,OK,"Image editor adjustments | Mixing and control panels"
fuse-fuzzy-command-search,navigation,desc,4,13.8,2.13,0,0,1,OK,"Learning fuzzy search tuning | Admin console quick-jump"
codemirror-editor-line-numbers-themes,forms,desc,4,13.5,2.13,0,0,1,OK,"Admin config and template editors | Snippet and note-taking tools"
candlestick-chart,charts,text,6,14.5,2.17,0,0,2,OK,"Backtesting and analytics tools | Education and trading tutorials"
budget-tracker-card,dashboards,text,6,18.2,2.17,0,0,2,OK,"Expense management tools | Project budget tracking"
faq-search-accordion,layouts,text,6,14.5,2.17,0,0,2,OK,"Pricing and product FAQs | Event and webinar pages"
profile-dropdown,navigation,text,6,15.8,2.17,0,1,2,OK,"Admin panels | E-commerce account menus"
activity-rings,dashboards,text,6,14.3,2.17,1,0,2,OK,"Nutrition and wellness | Productivity dashboards"
multi-step-checkout,forms,text,6,15.3,2.17,0,0,2,OK,"Booking and reservation flows | Application and survey forms"
sticky-product-bar,navigation,text,6,15.8,2.17,0,1,2,OK,"Booking and reservation pages | E-commerce product pages"
skeleton-table,loaders,text,6,15.2,2.17,0,1,2,OK,"Search results tables | Mobile app webviews"
scroll-grid-zoom,scroll,text,6,11.8,2.17,0,0,0,OK,"Product heroes | Travel and editorial"
scroll-story-chart,scroll,text,6,11.8,2.17,0,0,0,OK,"Annual reports | Product analytics stories"
three-liquid-metal-sphere,animations,desc,6,14.8,2.17,0,1,2,OK,"Menu and loading screen centerpieces | Music and event visuals"
three-magnetic-particles,animations,desc,6,14.2,2.17,0,0,2,OK,"Interactive hero backgrounds | Digital art and experimental portfolios"
three-holographic-globe,animations,desc,6,14.2,2.17,0,1,2,OK,"Portfolio and agency showpieces | Global network and SaaS landing pages"
three-digital-grid-pulse,animations,desc,6,14.5,2.17,0,0,2,OK,"Tech and developer tool landing pages | Teaching independent per-object animation"
three-comet-trail,animations,desc,6,15.3,2.17,0,2,2,OK,"Portfolio and agency showpieces | Music and event visuals"
three-scroll-color-morph,scroll,desc,6,15.5,2.17,0,0,4,OK,"Teaching normal displacement | Menu and loading backdrops"
table-loading-empty-error-states,tables,text,6,14,2.17,0,0,2,OK,"Search and filter results | Reports and analytics tables"
table-empty-column-resize-persist,tables,text,6,12.5,2.17,1,0,2,OK,"Spreadsheet-like internal tools | Support and ticket queues"
smart-app-banner,mobile,text,6,14,2.17,0,0,2,OK,"A/B testing app conversion prompts | Mobile web to native app conversion"
bootstrap-two-factor-backup-codes,forms,desc,3,14.7,2.17,0,0,1,OK,"Account security settings pages | Learning single-use-token UI patterns"
bootstrap-avatar-upload-editor,forms,desc,3,14.7,2.17,0,0,1,OK,"Account and profile settings pages | Team member and user management admin panels"
bootstrap-inline-form-editing,forms,desc,3,16,2.17,0,0,3,OK,"Profile and account settings pages | Admin record editors and CRM contact details"
bootstrap-session-activity-timeline,dashboards,desc,3,14.3,2.17,1,0,1,OK,"Account security and ""manage your devices"" settings pages | Admin panels showing a user's login history for support purposes"
three-scroll-crystal-cave-descent,scroll,desc,6,14.8,2.17,0,1,2,OK,"Mining, gemstone, and jewelry brand sites | Exploration and adventure game landing pages"
scroll-terrain-contour-lines,scroll,desc,6,14.8,2.17,0,0,2,OK,"Data or analytics dashboard reveal | Outdoor, hiking, or travel product hero"
skeleton-code-editor-loader,loaders,desc,5,14.2,2.2,0,0,2,OK,"Developer tool dashboards | Portfolio and project showcase sites"
bootstrap-image-upload-preview,forms,desc,5,13.2,2.2,1,0,0,OK,"Admin content management screens | Profile picture and gallery upload forms"
css-view-timeline-stagger-list-items,scroll,desc,5,13.2,2.2,0,0,2,OK,"Feature or benefit lists | Learn per-element view-timeline staggering"
scroll-canvas-starfield-warp-speed,scroll,desc,5,12.4,2.2,1,0,0,OK,"Generative art and creative-coding portfolios | Loading or transition screens"
radial-carousel,carousels,desc,4,15.8,2.25,0,0,4,OK,"Skill or tag showcases | Category or icon pickers"
split-panel-comparison-carousel,carousels,desc,4,14,2.25,0,0,2,OK,"Before/after or period comparisons | Side-by-side pricing comparisons"
draggable-timeline-range-slider,forms,desc,4,14.5,2.25,0,0,2,OK,"Content publishing or embargo windows | Analytics dashboard date-range selectors"
profile-completion,dashboards,text,6,14.2,2.25,0,0,1,OK,"Seller / creator setup | Verification / KYC flows"
magic-link-login,forms,text,6,16.5,2.25,0,0,1,OK,"Newsletter and content gating | Low-friction onboarding"
priority-matrix-board,dashboards,text,6,15.7,2.25,0,0,3,OK,"Personal task and time management | Team sprint and triage planning"
resizable-columns-table,tables,text,6,13.7,2.25,0,0,1,OK,"Spreadsheet-like web apps | Internal CRM and reporting tools"
social-proof-popup,modals,text,6,16.2,2.25,0,1,3,OK,"E-commerce conversion optimization | SaaS landing pages"
color-mode-toggle,buttons,text,6,16.3,2.25,0,0,3,OK,"App and dashboard settings | Design systems and component libraries"
otp-verification,forms,text,6,15.3,2.25,0,0,1,OK,"Email and phone verification | Passwordless login"
expandable-search,navigation,text,6,16.5,2.25,0,1,3,OK,"Documentation sites | E-commerce headers"
share-modal,modals,text,6,15.2,2.25,0,0,3,OK,"Product and listing pages | Event and content promotion"
recently-viewed-carousel,carousels,text,6,14.5,2.25,0,0,3,OK,"Recommended and related items | On-sale and featured rows"
avatar-stack-tooltip,cards,text,6,15.5,2.25,0,0,3,OK,"Call and meeting participants | Social proof and attendee lists"
filterable-table,tables,text,6,13.3,2.25,0,0,1,OK,"Log and event browsers | Product and inventory lists"
pricing-slider,pricing,text,6,12.3,2.25,2,0,1,OK,"Quote and estimate widgets | Upgrade prompts"
testimonial-carousel,carousels,text,6,16.3,2.25,0,1,1,OK,"Course and creator pages | Landing-page social proof"
dynamic-island,animations,text,6,13.2,2.25,0,0,1,OK,"Call and recording banners | Upload and export progress"
three-orbit-rings,animations,desc,6,15.2,2.25,0,1,3,OK,"Portfolio and agency showpieces | System and network visualizations"
marimekko-chart,charts,desc,4,15.8,2.25,0,0,4,OK,"Portfolio Composition Analysis | Market Share by Segment"
magazine-asymmetric-grid-layout,layouts,desc,4,15,2.25,0,0,2,OK,"Dashboard Summary Pages | Content Discovery Feeds"
hero-bento-grid-showcase,heroes,desc,4,14.5,2.25,0,0,2,OK,"Platform / Suite Marketing Sites | Landing Page A/B Testing"
mobile-alarm-screen,mobile,desc,4,14.3,2.25,0,0,2,OK,"Design System Component Reference | Rapid Mobile UI Prototyping"
sticky-split-pane-layout,layouts,desc,4,15,2.25,0,0,2,OK,"Annotated Legal / Contract Documents | Product Spec Sheets"
newsletter-subscribe-footer-validated,footers,desc,4,14.5,2.25,0,0,4,OK,"E-commerce Footer Signups | Marketing Site Footers"
table-column-visibility-toggle,tables,desc,4,14.3,2.25,0,0,2,OK,"Report Builder Tables | Customizable Dashboard Tables"
table-row-density-toggle,tables,desc,4,18,2.25,0,1,4,OK,"Support ticket queues | Data-heavy admin tables"
alphabet-jump-index-list,mobile,desc,4,15,2.25,0,0,2,OK,"Alphabetical product or content catalogs | Employee or member directories"
product-tour-spotlight-overlay,modals,desc,4,15,2.25,0,0,2,OK,"In-app documentation | Feature announcements"
welcome-coach-mark-tooltip,modals,desc,4,15,2.25,0,0,2,OK,"Toolbar and icon-button UIs | Reference for positioned tooltips"
ai-chat-streaming-bubble,layouts,desc,4,13.3,2.25,0,0,0,OK,"AI chat product UI prototyping | Marketing pages and product demos for AI features"
llm-model-comparison-table,tables,desc,4,14,2.25,0,0,2,OK,"Model picker documentation and dev portals | Internal AI tooling and admin dashboards"
api-key-copy-field,forms,desc,4,12.3,2.25,0,0,0,OK,"Reference for the Clipboard API | SaaS admin panels"
bootstrap-pagination-page-jump,navigation,desc,4,15.5,2.25,0,0,2,OK,"Learning the windowed-pagination pattern | Any long, page-based content archive"
bootstrap-undo-action-toast,modals,desc,4,14,2.25,1,0,0,OK,"Kanban boards and drag-organized lists | Email, task, and note list management"
vertical-content-carousel,carousels,desc,4,14,2.25,0,0,2,OK,"Dashboard widget rotators | News ticker or update feed panels"
wheel-controlled-carousel,carousels,desc,4,16.3,2.25,0,0,2,OK,"Timeline or roadmap browsers | Gallery or lookbook browsers"
scroll-x-ray-scan-reveal,scroll,desc,6,14.5,2.25,0,0,3,OK,"Anatomy or science education | Medical or security-themed product sites"
choices-remote-loaded-options,forms,desc,4,14.8,2.25,0,0,2,OK,"Catalogue product search | Learning async race conditions"
imask-credit-card-brand-detection,forms,desc,4,13.8,2.25,0,0,2,OK,"Design system input patterns | Learning dynamic masks and Luhn"
tabulator-sortable-filterable-grid,tables,desc,4,13.5,2.25,0,0,2,OK,"Directories and HR tools | Learning data-grid configuration"
swipeable-cards-stack,cards,desc,5,16,2.3,0,0,3,OK,"Learn the Pointer Events API | Card-based games and quizzes"
css-only-dropdown-nav-hover,navigation,desc,5,14.2,2.3,0,0,1,OK,"E-commerce Category Menus | Documentation Site Headers"
css-scroll-timeline-hue-rotate-bg,scroll,desc,5,14,2.3,0,0,1,OK,"Music, art, or event microsites | Portfolio and case-study backdrops"
skeleton-shape-morph-reveal,loaders,desc,5,14.2,2.3,0,0,1,OK,"Profile cards with variable-length content | Teaching the FLIP measurement technique"
hero-kanban-drag-preview,heroes,desc,5,14.8,2.3,1,0,1,OK,"Learn the native HTML5 Drag and Drop API | Team collaboration and workflow tool marketing"
semver-range-checker,dev,desc,5,20.8,2.3,0,1,3,OK,"Internal developer tooling | Debugging a package.json dependency range"
hero-press-mentions-founder-quote,heroes,desc,5,15.8,2.3,0,0,1,OK,"Fundraising and investor relations pages | B2B SaaS homepage above-the-fold"
hero-milestone-timeline-strip,heroes,desc,5,14.6,2.3,0,0,1,OK,"Fundraising and press kit pages | Learn centralized-state UI update patterns"
bootstrap-file-upload-drag-drop,forms,desc,5,13.6,2.3,0,0,1,OK,"Document and attachment upload forms | Admin panels for bulk content or media upload"
css-scroll-timeline-image-zoom-parallax,scroll,desc,5,14,2.3,0,0,1,OK,"Landing page hero sections | Editorial and magazine-style openers"
drawing-canvas,tools,desc,6,14.5,2.33,0,0,4,OK,"Drawing games | Markup and feedback"
testimonial-masonry,cards,text,6,24.5,2.33,0,1,6,OK,"Product launch pages | SaaS pricing and landing pages"
realtime-line-chart,charts,text,6,14.8,2.33,0,0,2,OK,"IoT and sensor readouts | System and server monitoring"
area-chart,charts,text,6,16,2.33,0,1,2,OK,"Revenue and finance charts | Weather and sensor history"
streak-tracker,dashboards,text,6,13.7,2.33,0,0,0,OK,"Fitness and wellness | Productivity and journaling"
form-autosave-indicator,forms,text,6,13.8,2.33,0,0,2,OK,"CMS and content editing tools | Document and note-taking apps"
image-reorder-grid,layouts,text,6,15.2,2.33,0,0,4,OK,"CMS media libraries | Real estate and listing platforms"
availability-scheduler,forms,text,6,15,2.33,1,0,2,OK,"Tutor and coaching platforms | Volunteer and event sign-ups"
fly-to-cart-button,buttons,text,6,15.7,2.33,0,1,2,OK,"Quick-shop and category views | Wishlist and save flows"
video-modal,media,text,6,15.7,2.33,0,0,2,OK,"Course and tutorial previews | Marketing and campaign pages"
account-switcher,navigation,text,6,14.5,2.33,0,0,2,OK,"Agency and client dashboards | Reseller and agency portals"
wishlist-heart-button,buttons,text,6,15.8,2.33,0,0,2,OK,"Media and playlist UIs | Real-estate and travel listings"
segmented-toggle,buttons,text,6,15.7,2.33,0,0,2,OK,"Tab-like section switchers | Settings and preference panels"
transaction-list,dashboards,text,6,13.5,2.33,0,0,0,OK,"Expense and budgeting dashboards | E-commerce order history"
email-composer,forms,text,6,14.2,2.33,1,0,0,OK,"CRM and outreach tools | Share dialogs"
three-galaxy-spiral,animations,desc,6,15.3,2.33,0,1,4,OK,"Portfolio and agency showpieces | Space and astronomy education sites"
three-scroll-product-stages,scroll,desc,6,15.7,2.33,0,1,4,OK,"Product landing pages | Story-driven marketing"
three-scroll-orbit-showcase,scroll,desc,6,15.8,2.33,0,0,4,OK,"Hardware showcases | Character and asset reveals"
table-nested-json-mapper,tables,text,6,15,2.33,1,0,0,OK,"Admin tools over document databases | API response debugging"
bootstrap-filter-chips,forms,desc,3,13.3,2.33,0,0,0,OK,"Ecommerce and product listing pages | Advanced search interfaces"
bootstrap-http-status-badge,buttons,desc,3,13,2.33,1,0,0,OK,"API documentation and internal developer references | Admin dashboards showing request or webhook logs"
bootstrap-image-crop-before-upload,forms,desc,3,15.3,2.33,1,0,0,OK,"Profile photo and avatar upload flows | Any upload requiring a specific aspect ratio"
bootstrap-version-history-panel,dashboards,desc,3,16,2.33,0,0,2,OK,"Design tools and collaborative editors | Configuration and settings history in admin tools"
bootstrap-rate-limited-action-button,buttons,desc,3,15.3,2.33,0,0,0,OK,"Invite, resend, and notification-sending buttons | Comment, like, or vote buttons needing abuse prevention"
three-scroll-dna-helix-unwind,scroll,desc,6,14.5,2.33,0,1,0,OK,"Biotech and health-tech landing pages | Science museum and exhibit sites"
three-scroll-liquid-metal-blob,scroll,desc,6,14.2,2.33,0,0,2,OK,"Generative and shader-adjacent art portfolios | Loading and transition screens"
three-scroll-neural-network-pulse,scroll,desc,6,14,2.33,0,1,0,OK,"AI/ML SaaS landing pages | Conference and hackathon microsites"
three-scroll-magnetic-field-lines,scroll,desc,6,13.7,2.33,0,1,0,OK,"Electronics and hardware brand sites | Generative and technical-diagram art portfolios"
three-scroll-circuit-board-trace,scroll,desc,6,13.3,2.33,0,1,0,OK,"Hardware and electronics brand sites | Tech conference and hackathon sites"
scroll-weather-scene-transition,scroll,desc,6,16.3,2.33,0,0,2,OK,"Portfolio hero with atmospheric depth | Weather app or forecast landing page hero"
scroll-cassette-tape-rewind,scroll,desc,6,14.8,2.33,0,0,2,OK,"Mechanical illustration or physics demo | Music or podcast app hero section"
table-inline-cell-bulk-edit,tables,desc,4,16.8,2.38,0,0,3,OK,"Lightweight CMS Content Grids | Admin Product Catalogs"
subscription-tier-stack-recommended,cards,desc,4,15.3,2.38,0,0,1,OK,"A/B Testing Which Tier to Recommend | Onboarding Plan Selection Step"
loader-concentric-rings-progress,loaders,desc,4,15.8,2.38,0,0,3,OK,"Multi-Step File Processing | Multi-Phase App Cold Start"
alert-rule-threshold-builder,dashboards,desc,4,15.5,2.38,0,0,1,OK,"Infrastructure Alerting Tools | SaaS Usage/Billing Alert Setup"
expandable-row-detail-table,tables,desc,4,16,2.38,0,0,3,OK,"Audit / Activity Log Tables | Admin Record Lists"
optimistic-action-rollback-loader,loaders,desc,4,14.8,2.38,0,0,1,OK,"Inline Editable Fields | Teaching Correct Optimistic UI"
flip-list-reorder-animation,animations,desc,4,13.5,2.38,0,0,1,OK,"Filtered Grid/List Reflow | Teaching the FLIP Technique"
mobile-biometric-unlock-screen,mobile,desc,4,14.8,2.38,0,0,1,OK,"Security UX Prototyping | Design System Reference"
async-submit-state-button,buttons,desc,4,14.8,2.38,0,0,1,OK,"Inline Settings Save Actions | Teaching Correct Async Button State"
focus-trap-modal-primitive,modals,desc,4,16.5,2.38,0,0,3,OK,"Accessibility-Compliant Products | Accessible Modal Foundation"
swipe-to-reveal-list-actions,mobile,desc,4,15.8,2.38,0,0,1,OK,"Task and to-do list items | Notification center list items"
scroll-restoration-tab-memory,scroll,desc,4,17.8,2.38,0,0,3,OK,"Multi-tab settings or dashboard panels | Social feed and content tabs"
launch-countdown-clock,heroes,desc,4,14.3,2.38,0,0,1,OK,"Event registration and ticket-sale pages | Waitlist and early-access campaigns"
bootstrap-sticky-navbar-shrink,navigation,desc,4,17,2.38,0,0,3,OK,"Learning scroll-driven class toggling | Marketing and product landing pages"
bootstrap-profile-card-follow,cards,desc,4,15.8,2.38,0,0,1,OK,"Team directories and community member lists | Social and community platform profile cards"
bootstrap-lightbox-gallery-modal,media,desc,4,17.5,2.38,0,0,3,OK,"E-commerce product image galleries | Learning to reuse one modal for many items"
bootstrap-notification-center-dropdown,navigation,desc,4,15.3,2.38,0,0,1,OK,"Admin panels and SaaS product headers | App and dashboard notification centers"
bootstrap-search-results-highlighting,forms,desc,4,16.3,2.38,0,0,1,OK,"Admin tables and log viewers | Documentation, help center, and FAQ search"
bootstrap-user-permission-matrix,dashboards,desc,4,15.8,2.38,1,0,1,OK,"Enterprise and B2B SaaS access control settings | Admin panels managing team or workspace roles"
vertical-thumbnail-carousel,carousels,desc,4,13.8,2.38,0,0,1,OK,"Wide-viewport layouts where vertical space is more available than horizontal | Product galleries with a side thumbnail rail"
glightbox-mixed-media-lightbox,media,desc,4,14.8,2.38,0,0,1,OK,"Documentation walkthroughs | Rich product pages"
compare-products-table,tables,desc,5,15.8,2.4,0,0,2,OK,"SaaS pricing tier comparisons | Interactive shortlisting tools"
price-range-slider,forms,desc,5,16.4,2.4,0,0,2,OK,"Booking and rental date/price filters | Learn the overlapping-inputs technique"
shrink-on-scroll-header,navigation,desc,5,17.4,2.4,0,1,4,OK,"Marketing and landing pages | E-commerce site headers"
css-only-star-rating-radio,forms,desc,5,16,2.4,0,0,4,OK,"CMS Testimonial Submission Widgets | Post-Support Satisfaction Surveys"
pricing-roi-breakeven-calculator,pricing,desc,5,15,2.4,0,0,2,OK,"Tool-replacement and migration campaigns | Consulting and services pricing pages"
pricing-multi-resource-usage-simulator,pricing,desc,5,14.4,2.4,0,0,0,OK,"Cloud infrastructure and API platform pricing pages | Developer tool and data platform sales pages"
modal-report-content-flag-reason,modals,desc,5,12.8,2.4,0,0,0,OK,"Social platforms and community forums | Marketplace listing and review flagging"
bootstrap-bulk-action-toolbar,tables,desc,5,16,2.4,0,0,0,OK,"Admin dashboards managing users, orders, or content | Email or inbox-style list management"
virtual-scroll,layouts,desc,6,17,2.42,0,1,1,OK,"File and contact lists | Admin dashboards"
currency-input,forms,text,6,14.8,2.42,0,0,1,OK,"Invoicing and quoting tools | Pricing and quote calculators"
stacked-bar-chart,charts,text,6,15,2.42,0,0,1,OK,"Budget and spend composition | Time tracking and capacity"
referral-card,cards,text,6,16,2.42,0,0,3,OK,"Affiliate and creator programs | Event and community invites"
cascading-select,forms,text,6,15.7,2.42,0,0,3,OK,"Org and team pickers | Settings with dependent options"
heatmap-matrix,charts,text,6,14.8,2.42,0,0,1,OK,"Risk and status matrices | Correlation matrices"
multiplayer-cursors,animations,text,6,15.2,2.42,0,0,1,OK,"Product demos and onboarding | Portfolio and creative-coding pieces"
split-payment-calculator,tools,text,6,15.2,2.42,0,0,1,OK,"Payment app ""request money"" flows | Restaurant and group dining apps"
password-requirements-checklist,forms,text,6,16.3,2.42,0,0,3,OK,"Admin and team onboarding | Compliance-driven products"
helpful-feedback-widget,cards,text,6,14,2.42,0,0,1,OK,"Course and lesson pages | Blog and knowledge-base posts"
data-table-column-toggle,tables,text,6,16,2.42,0,0,3,OK,"E-commerce and inventory tables | Analytics and reporting tables"
waitlist-signup,forms,text,6,15,2.42,0,0,1,OK,"Beta and early-access programs | Product Hunt and launch campaigns"
notification-preferences,forms,text,6,14.2,2.42,0,0,1,OK,"Mobile app push settings | Email subscription management"
pie-chart,charts,text,6,14.2,2.42,0,0,1,OK,"Portfolio and asset allocation | Survey and poll results"
dual-range-price-filter,forms,text,6,16.2,2.42,0,0,3,OK,"Analytics and data dashboards | Job and salary filters"
mega-menu-panel,navigation,text,6,15.7,2.42,0,0,1,OK,"Documentation and developer sites | Marketing site headers"
voice-assistant-orb,animations,text,6,15.3,2.42,0,0,1,OK,"In-app voice search | Smart-home dashboards"
three-wave-ribbon,animations,desc,6,15.5,2.42,0,1,3,OK,"Portfolio and agency showpieces | Hero section decorative elements"
three-scroll-depth-parallax,scroll,desc,6,15.3,2.42,0,0,3,OK,"Brand and agency intros | Menu and title screens"
three-scroll-fold-cards,scroll,desc,6,15.3,2.42,0,0,3,OK,"Card-game and collectible UIs | Team and testimonial rows"
tabs-url-sync,navigation,desc,6,15.8,2.42,0,0,3,OK,"Dashboards with persistent views | SEO-safe tabbed content fallback"
resizable-split-pane,layouts,desc,6,15.8,2.42,0,0,3,OK,"Comparison or diff tools | Learn drag-resize mechanics"
dot-pagination-carousel,carousels,desc,6,15.5,2.42,0,0,3,OK,"Hero banner carousels | Testimonial and review rotators"
three-scroll-coral-reef-grow,scroll,desc,6,15.3,2.42,0,1,1,OK,"Nature documentary microsites | Underwater game landing pages"
bootstrap-otp-login-form,forms,desc,7,14.9,2.43,0,0,0,OK,"Giving a user a fallback if they lose access to their phone | Multi-step account flows"
3d-cube-carousel,carousels,desc,4,17,2.5,0,1,2,OK,"Learning CSS 3D transforms | Feature or benefit showcases"
tag-input,forms,desc,6,21.3,2.5,0,0,4,OK,"Read tag values for form submission | Skills and interest selectors"
wave-text,animations,desc,6,18,2.5,0,0,4,OK,"Game score and achievement displays | Loading and processing messages"
side-drawer,navigation,desc,6,21.3,2.5,0,1,4,OK,"Settings and preferences panels | Detail and edit panels"
fireworks,animations,desc,6,17.5,2.5,0,0,4,OK,"New Year and holiday celebration UIs | Purchase and subscription celebrations"
notification-center,navigation,text,5,18.6,2.5,0,1,1,OK,"Admin panels | Collaboration tools"
review-card,cards,text,6,22,2.5,0,1,4,OK,"E-commerce product pages | SaaS pricing and landing pages"
confirm-dialog,modals,text,6,16,2.5,0,0,2,OK,"Transfer and ownership changes | Delete project / repo / database"
gift-card,cards,text,6,14.3,2.5,0,0,0,OK,"Loyalty and reward redemptions | Event tickets and passes"
custom-select,forms,desc,6,16.8,2.5,0,0,4,OK,"ARIA listbox starting point | Forms that need a branded dropdown"
callout-box,cards,desc,6,19.2,2.5,0,0,4,OK,"Design-system alert blocks | Documentation & READMEs"
feature-list,cards,desc,6,17.7,2.5,0,0,2,OK,"Product feature highlights | Plan comparison columns"
floating-action-btn,buttons,desc,5,23.8,2.5,0,0,5,OK,"Mobile-style primary action hub | Canvas and drawing tools"
seat-picker,forms,text,6,16.5,2.5,0,0,2,OK,"Restaurant table reservations | Coworking and desk booking"
feedback-tab-widget,modals,text,6,15.3,2.5,0,1,0,OK,"Marketing and landing pages | Learning docked-tab and slide-panel patterns"
exit-intent-popup,modals,text,6,16.5,2.5,0,0,2,OK,"Content and media sites | Course and info-product sales"
product-quick-view,modals,text,6,17.3,2.5,0,0,0,OK,"Wishlist and saved-items review | Email and ad landing pages"
promo-code-input,forms,text,6,15.8,2.5,0,0,2,OK,"Booking and reservation flows | Event and ticket purchases"
animated-success-checkmark,animations,text,6,15.8,2.5,0,0,2,OK,"Email and subscription confirmation | Onboarding step completion"
add-to-calendar-button,buttons,text,6,15.5,2.5,0,0,0,OK,"Booking and appointment confirmations | Conference and meetup pages"
donation-amount-picker,forms,text,6,16.2,2.5,0,0,2,OK,"Crowdfunding and campaigns | Tip jars and pay-what-you-want"
social-login-buttons,buttons,text,6,17,2.5,0,2,0,OK,"Onboarding flows | Checkout guest-to-account"
animated-error-state,animations,text,6,15.8,2.5,0,0,0,OK,"Form submission errors | Connection and sync errors"
flip-pricing-card,pricing,text,6,22.5,2.5,0,2,2,OK,"SaaS pricing pages | Learning CSS 3D transforms"
thumbnail-gallery,media,text,6,18.2,2.5,0,1,2,OK,"Product detail pages | Learning gallery patterns"
faq-two-column,layouts,text,6,16.3,2.5,0,1,0,OK,"Landing pages | Event and course pages"
feature-spotlight-tabs,layouts,text,6,17.5,2.5,0,0,2,OK,"Comparison and capability grids | Learning tablist patterns"
chat-conversation-list,navigation,text,6,14.8,2.5,0,0,0,OK,"Team collaboration tools | Dating and social apps"
coupon-card,cards,text,6,13.7,2.5,0,0,0,OK,"Flash sale campaigns | Email and landing-page offers"
three-scroll-wave-terrain,scroll,desc,6,16.2,2.5,0,0,4,OK,"Data-landscape metaphors | Retro and synthwave landing pages"
three-scroll-shatter-assemble,scroll,desc,6,16.2,2.5,0,0,2,OK,"Brand and agency intros | Loot and collectible showcases"
combobox,forms,desc,5,15.6,2.5,0,0,1,OK,"Assign-to Fields | Admin Filters"
sort-dropdown,forms,desc,6,15.8,2.5,0,0,2,OK,"Learn accessible custom dropdown patterns | Click-outside and Escape handling"
grid-list-view-toggle,layouts,desc,5,16.6,2.5,0,0,3,OK,"Search results and directories | Product listing pages"
product-image-magnify-lens,media,desc,5,15.6,2.5,0,0,3,OK,"Foundation for pinch-zoom on mobile | E-commerce product detail pages"
css-only-native-details-accordion,navigation,desc,5,15,2.5,0,0,1,OK,"FAQ Sections on Marketing Pages | Expandable Content in Email (client-permitting)"
css-only-styled-range-slider,forms,desc,5,15.2,2.5,0,0,3,OK,"Learning Vendor Pseudo-Elements | Media Player Controls"
css-only-tab-switcher-radio,navigation,desc,5,15.8,2.5,0,0,1,OK,"Multi-Language Code Examples | Product Detail Tabs"
plan-feature-drag-compare-slider,pricing,desc,4,17.8,2.5,0,1,2,OK,"SaaS Pricing Pages | A/B Testing Pricing Framing"
job-run-history-status-tile,dashboards,desc,4,17,2.5,0,0,2,OK,"Cron/Scheduler Admin Panels | ETL Pipeline Monitoring"
bulk-select-undo-countdown-dialog,modals,desc,4,15.8,2.5,0,0,2,OK,"File Manager Multi-Select Delete | Bulk Record Deletion"
pricing-plan-downgrade-warning-card,pricing,desc,4,17.3,2.5,0,0,4,OK,"SaaS Subscription Management | Billing / Account Settings Pages"
resizable-draggable-modal-window,modals,desc,4,17.3,2.5,0,0,2,OK,"Multi-window in-browser workspaces | Floating notes or scratchpad panels"
keyboard-shortcuts-help-overlay,modals,desc,4,21.5,2.5,0,0,4,OK,"Power-user productivity tools | Text and document editors"
credential-expiry-warning-card,cards,desc,4,17,2.5,0,0,2,OK,"Admin panel security/compliance widgets | SSL/TLS certificate expiry tracking"
footer-live-status-indicator,footers,desc,4,18.3,2.5,0,0,2,OK,"Developer platform and API status | SaaS product footers"
modal-auth-signin-signup-tabs,modals,desc,5,18.4,2.5,0,0,1,OK,"Learn a real password-strength scoring approach | Waitlist and early-access products"
elastic-toggle-switch-spring,buttons,desc,5,21.2,2.5,0,1,3,OK,"Settings and preferences panels | Feature flag and admin toggle panels"
css-view-timeline-svg-path-draw,scroll,desc,5,15.2,2.5,0,0,1,OK,"Company history and roadmap pages | Replace a GSAP DrawSVGPlugin dependency"
query-string-parser,dev,desc,5,22.6,2.5,0,1,3,OK,"Internal developer tooling | Debugging a tracking or analytics URL"
ide-three-pane-workspace-layout,layouts,desc,4,22.8,2.5,0,1,2,OK,"Chat and messaging apps | No-code and visual builder tools"
dotenv-file-parser,dev,desc,5,18,2.5,0,0,3,OK,"Teaching environment variable file conventions | Auditing a .env file before committing"
pricing-plan-popularity-live-counter,pricing,desc,5,15,2.5,0,0,1,OK,"Product launch and limited-availability offers | Event ticketing and limited-seat registration pages"
modal-export-data-download-picker,modals,desc,5,14.4,2.5,0,0,1,OK,"CRM and customer data platforms | GDPR and data portability request flows"
bootstrap-alert-dismissible-stack,modals,desc,4,15.8,2.5,0,0,2,OK,"Dashboard and admin panel system messages | Account and billing notices"
bootstrap-newsletter-signup-modal,modals,desc,4,16,2.5,0,0,0,OK,"Learning exit-intent detection from scratch | A/B testing popup timing and offers"
bootstrap-cookie-consent-offcanvas,modals,desc,4,15.5,2.5,0,0,0,OK,"GDPR/cookie-law compliant consent banners | Any site needing granular consent categories"
bootstrap-kanban-board-cards,dashboards,desc,4,17,2.5,0,0,2,OK,"Learning the native HTML5 Drag and Drop API | Project management and task boards"
bootstrap-reset-password-form,forms,desc,6,15,2.5,0,0,0,OK,"Password reset and account recovery flows | Showing per-requirement feedback instead of one strength score"
bootstrap-image-comparison-slider,media,desc,5,16.4,2.5,0,0,1,OK,"Before/after photo editing showcases | A/B design comparisons"
bootstrap-back-to-top-button,buttons,desc,5,18.2,2.5,0,1,1,OK,"Dashboard and admin panels with tall content | Marketing and landing pages"
bootstrap-password-requirements-checklist,forms,desc,4,15.8,2.5,1,0,0,OK,"Signup and account creation forms | Password reset and change-password flows"
bootstrap-search-recent-searches,forms,desc,3,15.3,2.5,0,0,1,OK,"Internal admin and dashboard search bars | Documentation and help-center search boxes"
bootstrap-command-palette,navigation,desc,3,16,2.5,0,0,1,OK,"Learning keyboard-first UI patterns | SaaS dashboards with many destinations and actions"
bootstrap-copy-to-clipboard-feedback,buttons,desc,3,15.7,2.5,0,0,1,OK,"API keys, tokens, and webhook URLs in developer dashboards | Referral links and coupon codes"
bootstrap-multi-file-upload-queue,forms,desc,3,16,2.5,0,0,1,OK,"Media libraries and asset management tools | Bulk document or photo upload forms"
bootstrap-form-progress-indicator,forms,desc,4,16,2.5,0,0,0,OK,"Long forms where later fields depend on earlier answers | Settings pages with several optional fields"
bootstrap-inline-table-cell-editing,tables,desc,4,15,2.5,1,0,0,OK,"Inventory, pricing, and spreadsheet-style admin tables | Bulk-selecting rows before a batch edit or export"
bootstrap-table-column-visibility-toggle,tables,desc,3,14,2.5,0,0,1,OK,"Admin data tables with more columns than fit comfortably | Internal reporting and analytics dashboards"
number-key-jump-carousel,carousels,desc,4,15.3,2.5,0,0,2,OK,"Keyboard-shortcut-driven interfaces | Dashboard view switchers"
three-scroll-kaleidoscope-mandala,scroll,desc,6,15.5,2.5,0,0,0,OK,"Generative and geometric art portfolios | Event and festival microsites"
three-scroll-solar-eclipse-transit,scroll,desc,6,14.3,2.5,0,0,0,OK,"Editorial and long-form science articles | Space and celestial-themed portfolios"
three-scroll-wireframe-globe-spin,scroll,desc,6,15,2.5,0,1,0,OK,"Geography and astronomy education | Scroll-story chapter breaks"
scroll-liquid-blob-morph,scroll,desc,6,16,2.5,0,0,2,OK,"Generative and motion-design portfolios | Loading and empty-state accents"
scroll-magazine-layout-shift,scroll,desc,6,15.7,2.5,0,0,2,OK,"Teaching CSS Grid animation | Brand and agency showreels"
tom-select-tag-input-create,forms,desc,4,17.5,2.5,0,0,2,OK,"Interest and skill fields | Support ticket labels"
levenshtein-edit-distance-dp-visualizer,visualizers,text,5,28.6,2.5,0,0,5,OK,"Learning dynamic programming | Coding interview preparation"
gradient-text,animations,desc,6,24,2.58,0,0,5,OK,"Hero headlines on dark landing pages | Brand name and product title styling"
confetti-button,buttons,desc,6,19.7,2.58,0,0,5,OK,"Purchase and subscription confirmations | Achievement and milestone unlocks"
file-dropzone,forms,desc,6,18.2,2.58,0,0,1,OK,"Custom file type badge colours | Multi-file upload with preview"
3d-card-tilt,animations,desc,6,24.8,2.58,0,0,5,OK,"Premium product and feature cards | Portfolio project thumbnails"
product-card,cards,desc,6,21.2,2.58,0,0,5,OK,"E-commerce product listing grids | Marketplace and catalogue pages"
empty-state,layouts,desc,6,18.7,2.58,0,0,5,OK,"Empty inbox and notification feed | No search results state"
segmented-control,forms,desc,6,18.2,2.58,0,0,3,OK,"Read the selected value | View mode toggles"
masonry-grid,layouts,desc,6,18.8,2.58,0,0,5,OK,"Photo and image galleries | Pinterest-style content boards"
matrix-rain,animations,desc,6,21,2.58,0,0,3,OK,"Security and crypto product splash screens | Cyberpunk and hacker aesthetic backgrounds"
circular-steps,navigation,text,6,24.7,2.58,0,1,3,OK,"Onboarding tours | Multi-page surveys"
job-listing-card,cards,text,6,21.8,2.58,0,0,5,OK,"Company career pages | Freelance marketplace listings"
sticky-promo-bar,navigation,text,6,20.5,2.58,0,0,5,OK,"Feature launch announcements | Scheduled maintenance notices"
app-download-hero,heroes,text,6,22.2,2.58,0,0,5,OK,"Mobile app landing pages | Product Hunt launch pages"
rotary-knob,forms,text,6,17.2,2.58,0,0,1,OK,"Image and video editors | Game and creative tool settings"
funnel-chart,charts,text,6,17,2.58,0,1,1,OK,"Support and ticket flows | Analytics dashboards"
country-selector,forms,text,6,17.2,2.58,0,0,3,OK,"Travel and booking sites | Sign-up and profile settings"
waterfall-chart,charts,text,6,16,2.58,0,0,3,OK,"Headcount and inventory changes | Budget variance analysis"
social-share-bar,navigation,text,6,15.8,2.58,0,0,1,OK,"Referral and invite flows | Events and announcements"
download-button,buttons,text,6,15.8,2.58,0,0,3,OK,"Install / update actions | Export actions"
ai-prompt-composer,forms,text,6,15.2,2.58,0,0,1,OK,"Support and messaging | Search and command inputs"
status-avatar,cards,desc,6,19.5,2.58,0,1,3,OK,"Chat and messaging apps | Team dashboards and member lists"
vertical-tabs,navigation,desc,6,17,2.58,0,0,5,OK,"Settings and account pages | Dashboard section switcher"
avatar-upload,forms,desc,6,17.3,2.58,0,0,3,OK,"Any single-image picker | Profile photo upload"
pin-pad,forms,text,6,15.7,2.58,0,0,1,OK,"Parental gates and kid modes | 2FA backup and verification"
flight-search-form,forms,text,6,14.5,2.58,0,0,1,OK,"Airline and OTA booking sites | Learning popover and stepper patterns"
live-currency-ticker,dashboards,text,6,16.8,2.58,0,0,1,OK,"Fintech marketing pages | Internal finance dashboards"
onboarding-checklist-widget,cards,text,6,15,2.58,0,0,1,OK,"SaaS app onboarding | Course and learning platforms"
timezone-converter,tools,text,6,17,2.58,0,0,1,OK,"Developer and ops dashboards | Travel and itinerary apps"
size-guide-modal,modals,text,6,16.3,2.58,0,0,1,OK,"Return-reduction initiatives | Learning data-driven table + modal"
quota-usage-meter,dashboards,text,6,17.8,2.58,0,0,1,OK,"API platform consoles | Metered billing previews"
video-testimonial-card,cards,text,6,17.8,2.58,0,1,1,OK,"Landing-page social proof | Webinar and event recaps"
three-morphing-blob,animations,desc,6,16.2,2.58,0,0,1,OK,"Teaching vertex displacement | AI and voice-assistant orbs"
three-solar-system,animations,desc,6,16.8,2.58,0,1,1,OK,"Space, astronomy, and education sites | Portfolio and agency showpieces"
three-interactive-mesh-distortion,animations,desc,6,15.2,2.58,0,0,1,OK,"Digital art and experimental sites | Product customization previews"
three-scroll-camera-path,scroll,desc,6,16,2.58,0,0,1,OK,"Game world or level previews | Space and sci-fi themed sites"
three-scroll-text-grid,scroll,desc,6,15,2.58,0,0,3,OK,"Title and menu screens | Brand name reveals"
three-scroll-black-hole,scroll,desc,6,20,2.58,0,1,3,OK,"Music and event visuals | Space, science, and astronomy sites"
minimal-footer,footers,desc,6,22,2.58,0,1,3,OK,"Marketing and landing pages | Portfolio and personal sites"
sticky-table-header,tables,desc,6,22,2.58,0,0,5,OK,"Learn position: sticky in a real layout | Prototype dashboard data panels"
ev-charging-status-card,cards,desc,6,18.7,2.58,0,0,3,OK,"Public charging network dashboards | EV owner mobile apps"
three-scroll-jellyfish-drift,scroll,desc,6,15.5,2.58,0,1,1,OK,"Scroll-story chapter breaks | Ambient and meditation apps"
scroll-vinyl-record-spin,scroll,desc,6,15,2.58,0,0,1,OK,"Music streaming and playlist apps | Podcast and audio-essay landing pages"
scroll-card-deck-shuffle,scroll,desc,6,15.8,2.58,0,0,1,OK,"Card game or casino product landing page | Tarot, fortune, or trivia card reveal"
scroll-thermometer-fill,scroll,desc,6,16.3,2.58,0,0,3,OK,"Science or classroom temperature lesson | Progress, goal, or fundraising tracker"
environment-badge,buttons,desc,5,18.2,2.6,0,0,4,GOOD,"Internal admin and ops tools | QA and staging review builds"
sticky-filter-bar,navigation,desc,5,18.2,2.6,0,0,4,GOOD,"E-commerce category pages | Search results pages"
load-more-button,buttons,desc,5,16.2,2.6,0,0,2,GOOD,"Search results pagination alternative | Product and catalog grids"
variant-swatch-picker,forms,desc,5,16,2.6,0,0,2,GOOD,"Learn custom radio-group patterns | Product detail page variant selection"
out-of-stock-overlay,cards,desc,5,15.2,2.6,0,0,0,GOOD,"Learn the diagonal ribbon CSS technique | Marketplace and multi-vendor listings"
css-only-hamburger-menu-checkbox,navigation,desc,5,18.4,2.6,0,0,2,GOOD,"Sandboxed Iframe Embeds | CMS Raw HTML Blocks"
css-only-styled-radio-buttons,forms,desc,5,16.4,2.6,0,0,2,GOOD,"Settings & Preferences Panels | Pricing Plan Selectors"
cidr-subnet-calculator,dev,desc,5,23,2.6,0,0,4,GOOD,"Planning VPC or subnet allocations | Teaching subnetting and CIDR notation"
jwt-decoder,dev,desc,5,30,2.6,0,1,2,GOOD,"Internal developer tooling | Teaching how JWTs are structured"
live-market-watchlist-table,tables,desc,5,19.6,2.6,0,0,2,GOOD,"Trading terminal and market data widgets | Crypto and stock trading dashboards"
pricing-audience-segment-switcher,pricing,desc,5,18,2.6,0,0,4,GOOD,"Products sold to both solo users and teams | B2B2C platforms with distinct buyer types"
regex-tester,dev,desc,5,25,2.6,0,1,2,GOOD,"Internal developer tooling | Teaching regex syntax and capture groups"
css-scroll-timeline-section-counter,scroll,desc,5,15.8,2.6,0,0,0,GOOD,"Portfolio case-study pages | Replace an IntersectionObserver section tracker"
sha-hash-generator,dev,desc,5,23,2.6,0,1,2,GOOD,"Internal developer tooling | Verifying a downloaded file's integrity"
percentage-change-calculator,tools,desc,5,20.6,2.6,0,0,4,GOOD,"Analyzing revenue, traffic or metric growth | Teaching the difference between change and proportion"
compound-interest-calculator,tools,desc,5,20,2.6,0,0,2,GOOD,"Financial planning content and calculators | Teaching how compounding frequency affects growth"
hero-command-palette-search-demo,heroes,desc,5,15.4,2.6,0,0,2,GOOD,"Docs and changelog landing pages | Design system and component library sites"
modal-date-range-picker,modals,desc,5,15,2.6,0,0,0,GOOD,"Equipment and venue rental platforms | Event and appointment scheduling tools"
bootstrap-social-login-buttons,buttons,desc,5,16.6,2.6,0,0,0,GOOD,"Sign-up and login pages offering OAuth providers | Landing pages and marketing sign-up CTAs"
bootstrap-tag-input-field,forms,desc,5,16.2,2.6,0,0,0,GOOD,"Blog post, article, or product tagging | Email-style ""To"" or recipient fields"
bootstrap-todo-list-app,dashboards,desc,5,15.6,2.6,0,0,0,GOOD,"Personal task managers | Project task checklists"
bootstrap-email-inbox-layout,layouts,desc,5,17.4,2.6,0,0,0,GOOD,"Webmail and messaging clients | Notification center panels"
embla-carousel-vertical-news-ticker,carousels,text,5,29.2,2.6,0,0,4,GOOD,"Breaking-news bar for a media site | Status page incident updates"
html-to-image-quote-card-export,tools,text,5,27.2,2.6,0,0,4,GOOD,"Social quote and tip cards | Open Graph and link preview images"
synced-thumbnail-carousel,carousels,desc,4,15.8,2.63,0,0,1,GOOD,"Portfolio and case-study viewers | Recipe or tutorial step previews"
nav-tabs-overflow-more-menu,navigation,desc,4,17,2.63,0,0,1,GOOD,"Dashboard Section Tabs | Admin Panel Record Views"
clipboard-history-stack-widget,tools,desc,4,14.8,2.63,0,0,1,GOOD,"Multi-Field Data Entry | Design/Content Handoff Tools"
dynamic-form-field-array-add-remove,forms,desc,4,18,2.63,0,0,3,GOOD,"Team Invite Forms | Multi-Value Contact Fields"
pricing-commitment-discount-ladder,pricing,desc,4,17,2.63,0,0,3,GOOD,"Marketing Pricing Pages | Subscription Box / Membership Pricing"
form-change-diff-preview,forms,desc,4,17.3,2.63,0,0,3,GOOD,"Account & team settings forms | Multi-field profile editors"
conditional-branching-form-fields,forms,desc,4,15,2.63,0,0,1,GOOD,"Progressive settings disclosure | Billing and invoicing flows"
shift-click-range-select-table,tables,desc,4,20,2.63,0,0,3,GOOD,"Inbox-style list views | File and asset managers"
table-export-column-selector,tables,desc,4,17.8,2.63,0,0,3,GOOD,"Admin reporting tables | Order and transaction exports"
pinned-draggable-tabs,navigation,desc,4,16.3,2.63,0,0,1,GOOD,"Workspace and project switchers | Code and document editors"
stacked-modal-manager,modals,desc,4,19.5,2.63,0,0,1,GOOD,"Contextual help overlays | Nested confirmation dialogs"
mobile-inputmode-keyboard-guide,mobile,desc,4,20.5,2.63,0,0,3,GOOD,"Mobile checkout and payment forms | Mobile signup and registration forms"
share-url-state-sync,misc,desc,4,19,2.63,0,0,3,GOOD,"Filterable admin data tables | Report and dashboard filter states"
cascading-dependency-skeleton-loader,loaders,desc,4,18.5,2.63,0,0,3,GOOD,"Profile pages with dependent content sections | Dashboards with hierarchical data dependencies"
real-time-metric-stream-chart,charts,desc,4,20.8,2.63,0,0,3,GOOD,"Live infrastructure metrics dashboards | Live price or market data charts"
ssl-certificate-expiry-monitor,dashboards,desc,4,18,2.63,0,0,1,GOOD,"Domain and DNS portfolio management | Internal platform/SRE tooling"
table-row-action-dropdown,tables,desc,4,22.8,2.63,0,0,3,GOOD,"Admin panels and content management tables | CRM and pipeline management tools"
table-cell-range-select-copy,tables,desc,4,21,2.63,0,0,3,GOOD,"Financial and reporting dashboards | Replacing a heavy grid library for one feature"
footer-docs-version-selector,footers,desc,4,20.5,2.63,0,0,1,GOOD,"Internal engineering wikis and platform docs | API and SDK documentation sites"
mobile-voice-message-screen,mobile,desc,4,17.8,2.63,0,1,1,GOOD,"Chat and messaging apps | Customer support and async video/voice apps"
bootstrap-tooltip-showcase,modals,desc,4,19.3,2.63,0,0,1,GOOD,"Any UI needing consistent hover explanations | Form fields with inline help text"
bootstrap-video-hero-play-overlay,heroes,desc,4,17.5,2.63,0,0,1,GOOD,"Learning the cover/playing toggle pattern | Prototyping before the real video asset exists"
bootstrap-split-hero-signup-form,heroes,desc,4,18,2.63,0,0,3,GOOD,"SaaS signup landing pages | Split-screen marketing layouts"
bootstrap-testimonial-carousel,carousels,desc,4,17.8,2.63,0,0,1,GOOD,"Case-study and review widgets | Pricing pages needing trust signals"
bootstrap-pricing-comparison-table,pricing,desc,4,19,2.63,0,0,1,GOOD,"Learning responsive table patterns | SaaS pricing pages with meaningfully different tiers"
bootstrap-horizontal-scrollable-tabs,navigation,desc,4,18.5,2.63,0,0,1,GOOD,"Keeping keyboard navigation usable in a scrollable strip | Learning to extend Bootstrap components without replacing them"
bootstrap-table-row-selection,tables,desc,4,16,2.63,0,0,1,GOOD,"Email inboxes and record management UIs | Admin panels needing bulk delete/export/archive"
bootstrap-data-table-loading-skeleton,tables,desc,4,17.8,2.63,0,0,1,GOOD,"Order history and account activity panels | Any table that loads after an initial page render"
bootstrap-data-table-error-state,tables,desc,4,18.5,2.63,0,0,1,GOOD,"Internal tools hitting flaky or rate-limited internal APIs | Order history, billing, and account activity panels"
bootstrap-offline-online-status-banner,modals,desc,4,16.8,2.63,0,0,1,GOOD,"Notes, docs, and form apps that need to work offline-first | PWAs and mobile web apps"
bootstrap-conditional-form-fields,forms,desc,4,16.5,2.63,0,0,1,GOOD,"Showing how complete a form is as fields appear and disappear | Account type or signup forms needing different fields per plan"
auto-height-carousel,carousels,desc,4,15.3,2.63,0,0,1,GOOD,"Onboarding cards with different amounts of copy | Multi-step forms with varying field counts"
auto-scroll-ticker-carousel,carousels,desc,4,15.5,2.63,0,0,1,GOOD,"Skill or tag showcases on a portfolio | Announcement or promo tickers"
nouislider-price-range-filter,forms,desc,4,16,2.63,0,0,1,GOOD,"Real-estate and travel search | E-commerce category pages"
photoswipe-fullscreen-gallery-captions,media,desc,4,15,2.63,0,0,1,GOOD,"Event and wedding albums | Product image galleries"
pricing-card,pricing,desc,6,26.7,2.67,0,0,4,GOOD,"In-app upgrade prompts | Match your product brand"
ripple-button,buttons,desc,6,22.3,2.67,0,0,4,GOOD,"Drop into any existing button | Material Design style interfaces"
toggle-switch,forms,desc,6,22.8,2.67,0,1,2,GOOD,"Settings and preferences panels | Feature flag dashboards"
gradient-border-card,cards,desc,6,23.2,2.67,0,0,4,GOOD,"Feature and pricing highlight cards | AI and crypto product interfaces"
dark-mode-toggle,animations,desc,6,21.8,2.67,0,0,4,GOOD,"Dashboard and productivity apps | Documentation and developer tool sites"
accordion-faq,navigation,desc,6,24.8,2.67,0,1,2,GOOD,"Settings and preferences panels | Landing page feature details"
animated-tabs,navigation,desc,6,23,2.67,0,0,4,GOOD,"Product detail tabbed navigation | Settings and preference panels"
multi-step-form,forms,desc,6,19.8,2.67,0,0,4,GOOD,"Sign-up and onboarding wizards | Checkout and payment flows"
image-comparison,media,desc,6,21.8,2.67,0,0,4,GOOD,"Photo editing before/after showcase | AI image enhancement demos"
floating-particles,animations,desc,6,32.7,2.67,0,0,4,GOOD,"AI and data product hero backgrounds | Dark ambient landing page sections"
css-3d-cube,animations,desc,6,18.7,2.67,0,0,4,GOOD,"Loading and splash screen animations | Interactive product showcase"
comparison-table,tables,desc,6,38.3,2.67,0,0,4,GOOD,"Software edition and tier comparisons | Agency and service package comparisons"
multi-select-dropdown,forms,desc,6,32.2,2.67,0,0,4,GOOD,"Technology stack and skill selection in profile forms | Team member and collaborator assignment"
horizontal-timeline,layouts,desc,6,37.2,2.67,0,0,4,GOOD,"SaaS product roadmap and release schedule | Onboarding progress and setup wizard steps"
poll-widget,cards,desc,6,33.5,2.67,0,0,4,GOOD,"Community and forum opinion polls | Product feedback and feature preference surveys"
sidebar-nav,navigation,text,6,22.2,2.67,0,1,2,GOOD,"Documentation sites | SaaS dashboard navigation"
word-flip-hero,heroes,text,6,20.3,2.67,0,0,4,GOOD,"SaaS and startup landing pages | Portfolio hero sections"
newsletter-signup,forms,text,6,24,2.67,0,0,4,GOOD,"Product update announcements | Event and webinar registration"
contact-form,forms,text,6,24,2.67,0,0,4,GOOD,"Freelancer and agency contact pages | Event enquiry and booking forms"
animated-list,animations,text,6,26.3,2.67,0,0,4,GOOD,"Todo apps and task managers | Shopping cart item lists"
team-card,cards,text,6,25.8,2.67,0,0,4,GOOD,"Company and agency About pages | SaaS product founder and team pages"
code-comparison,layouts,text,6,20.5,2.67,0,0,4,GOOD,"Technical blog posts and tutorials | Code review UI in developer tools"
metric-card-grid,dashboards,text,6,19,2.67,0,0,4,GOOD,"SaaS analytics dashboards | E-commerce performance dashboards"
floating-chat-widget,modals,text,6,22,2.67,0,0,4,GOOD,"Customer support on SaaS products | Lead capture on landing pages"
calculator,tools,text,6,15.3,2.67,0,0,0,GOOD,"Finance and budgeting apps | Education and learning tools"
sticky-header-table,tables,text,6,17,2.67,0,0,2,GOOD,"Schedules and timetables | Analytics and reporting tables"
logo-cloud,layouts,text,6,16.7,2.67,0,1,2,GOOD,"Landing page social proof | ""As featured in"" press strips"
portfolio-filter-grid,layouts,text,6,16.3,2.67,0,0,2,GOOD,"Blog and resource libraries | Component / template showcases"
claymorphism-card,cards,desc,6,18.3,2.67,0,0,4,GOOD,"Trendy 3D-style landing pages | Kids, education, and wellness apps"
radio-card-group,forms,text,6,16.8,2.67,0,0,2,GOOD,"Survey and quiz answers | Onboarding preferences"
pull-quote,layouts,text,6,20.3,2.67,0,1,2,GOOD,"Marketing and landing pages | Press and media kits"
video-call-grid,dashboards,text,6,16.2,2.67,0,1,0,GOOD,"Product landing pages | Learning the layout pattern"
three-starfield-warp,animations,desc,6,16.3,2.67,0,0,2,GOOD,"Event and launch countdown pages | Game and app loading screens"
lottie-scroll-donut-chart,scroll,desc,6,20.3,2.67,0,0,4,GOOD,"Scroll-revealed breakdowns | Lightweight dashboard rings"
three-scroll-mobius-ride,scroll,desc,6,19,2.67,0,0,2,GOOD,"Puzzle and perspective game promos | Album, film, and title sequences"
three-scroll-seasons-tree,scroll,desc,6,20.8,2.67,0,0,2,GOOD,"Growth and lifecycle storytelling | Generative art and poetry pages"
three-scroll-hourglass,scroll,desc,6,18.7,2.67,0,0,2,GOOD,"Turn-based and strategy game promos | Limited-drop commerce pages"
bug-hunt-game,games,desc,6,38,2.67,0,0,4,GOOD,"Internal onboarding for a codebase's common mistakes | File-window UI pattern for code presentation"
permission-matrix,tables,desc,6,34.3,2.67,0,0,4,GOOD,"Admin consoles with hierarchical role models | Reference for modelling derived state in UI"
claim-status-tracker,dashboards,text,6,17.3,2.67,0,0,2,GOOD,"Health insurance claims | Support and dispute tracking"
back-to-top-button,scroll,desc,6,19.5,2.67,0,0,4,GOOD,"Long-form articles and blog posts | Product listing and catalog pages"
blog-post-card-grid,cards,desc,6,20,2.67,0,0,4,GOOD,"Blog homepage and category listings | Learn responsive card grid layout principles"
subscription-billing-toggle,pricing,desc,6,20.8,2.67,0,1,2,GOOD,"SaaS pricing pages | Match your brand's pricing page style"
badge-dot-indicator,buttons,desc,6,17.2,2.67,0,0,4,GOOD,"Notification bells and inboxes | Messaging and chat unread counts"
link-underline-cursor-draw,animations,desc,6,21.3,2.67,0,0,2,GOOD,"Portfolio and agency site link styling | Footer link lists and sitemaps"
letter-gravity-drop-text,animations,desc,6,22.3,2.67,0,0,4,GOOD,"Playful brand and game landing pages | Splash and loading screen headlines"
gear-to-checkmark-icon-morph,animations,desc,6,22.2,2.67,0,1,2,GOOD,"Settings and preferences panels | Save/confirm button feedback"
circular-reveal-theme-toggle,animations,desc,6,19.3,2.67,0,1,0,GOOD,"Settings and preferences panels | Site-wide dark mode toggles"
cube-rotate-panel-transition,animations,desc,6,17.8,2.67,0,0,2,GOOD,"Learn CSS 3D transforms | Settings/preferences step panels"
layout-switcher-container-morph,animations,desc,6,20.8,2.67,0,0,4,GOOD,"Product/search result view toggles | Dashboard widget size toggles"
ai-reasoning-collapse-loader,loaders,desc,6,16,2.67,0,0,0,GOOD,"Agent debugging and trace panels | Long-running AI form assistants"
bootstrap-diff-viewer,dashboards,desc,3,15.3,2.67,0,0,2,GOOD,"Configuration and settings change review | Learning the LCS algorithm applied to a real problem"
bootstrap-environment-variable-viewer,dashboards,desc,3,14.7,2.67,0,0,0,GOOD,"Internal admin tools and deployment dashboards | API key and credential management screens"
three-scroll-ink-drop-diffusion,scroll,desc,6,15.3,2.67,0,0,2,GOOD,"Underwater or potion-themed game intros | Science and chemistry education"
scroll-thread-stitch-reveal,scroll,desc,6,14.7,2.67,0,0,0,GOOD,"Wedding, invitation, and stationery sites | SVG animation and motion-design portfolios"
scroll-neon-sign-flicker-on,scroll,desc,6,14.3,2.67,0,0,0,GOOD,"Portfolio hero with a bold visual statement | Learn scroll-scrubbed one-shot animations"
scroll-polaroid-stack-flip,scroll,desc,6,16.2,2.67,0,0,2,GOOD,"Scrapbook or travel-journal storytelling | Photo gallery or portfolio organization reveal"
mega-menu,navigation,text,5,21.8,2.7,0,1,1,GOOD,"Documentation sites | Enterprise dashboards"
step-progress,navigation,desc,5,20.2,2.7,0,0,3,GOOD,"Onboarding wizards | Multi-step form sequences"
css-specificity-visualizer,visualizers,desc,5,39,2.7,0,0,3,GOOD,"Design system CSS architecture and linting guidelines | Blog post or documentation embed on the CSS cascade"
neumorphic-button,buttons,desc,5,15.8,2.7,0,0,1,GOOD,"Media player controls | Soft-UI dashboards and settings panels"
css-only-before-after-image-slider,media,desc,5,15.8,2.7,0,0,1,GOOD,"Case Study and Portfolio Pages | Comparison Graphics in HTML Email"
modal-terms-scroll-to-accept,modals,desc,5,15.6,2.7,0,0,1,GOOD,"Learn scroll-position gating math | Policy and contract update notices"
uuid-ulid-generator,dev,desc,5,25.6,2.7,0,0,3,GOOD,"Choosing between UUID and ULID for a new schema | Debugging an identifier from logs or a support ticket"
icon-grid-neighbor-pull,animations,desc,5,22.4,2.7,0,0,3,GOOD,"Social/emoji reaction pickers | App launcher and dashboard icon grids"
proximity-glow-button,buttons,desc,5,25.6,2.7,0,0,3,GOOD,"Primary CTA buttons on dark landing pages | Product launch and futuristic dashboard UIs"
number-base-converter,dev,desc,5,23.4,2.7,0,0,3,GOOD,"Debugging bitmasks and flags | Working with Unix file permissions"
roman-numeral-converter,tools,desc,5,22,2.7,0,0,3,GOOD,"Teaching Roman numeral rules | Decoding numerals on clocks, monuments, and film credits"
pricing-feature-search-filter,pricing,desc,5,16,2.7,0,0,1,GOOD,"Knowledge base and documentation tables | Procurement and compliance review pages"
modal-rating-feedback-star-comment,modals,desc,5,15.8,2.7,0,0,1,GOOD,"In-app NPS and satisfaction surveys | Feature and beta feedback collection"
modal-onboarding-checklist-progress,modals,desc,5,17.2,2.7,0,0,1,GOOD,"Product-led growth activation tracking | Workspace and team setup flows"
streamgraph-chart,charts,desc,5,20.6,2.7,0,0,1,GOOD,"Teaching stack centering and path smoothing | Topic or category volume over time"
table-merged-row-groups,tables,desc,5,22.8,2.7,0,0,3,GOOD,"Course catalogs and academic scheduling tools | Categorized product or inventory listings"
json-formatter-validator,dev,desc,5,23.6,2.7,0,1,1,GOOD,"Internal developer tooling | Teaching JSON syntax rules"
text-statistics-analyzer,tools,desc,5,19.6,2.7,0,0,1,GOOD,"Content and blog editing workflows | Spotting overused words while editing"
pricing-role-based-seat-mix-calculator,pricing,desc,5,17.4,2.7,0,0,1,GOOD,"Project management and collaboration tool pricing | B2B SaaS with tiered permission roles"
bootstrap-gallery-masonry-grid,media,desc,5,18.8,2.7,0,0,1,GOOD,"Learning CSS multi-column layout | Photography and portfolio galleries"
bootstrap-image-carousel-thumbnails,carousels,desc,5,20,2.7,0,0,1,GOOD,"Onboarding or feature-tour screens | Portfolio and case study showcases"
embla-carousel-scale-center-focus,carousels,text,5,30,2.7,0,0,3,GOOD,"Product, size and model pickers | Media shelves with a focused item"
embla-carousel-fade-hero,carousels,text,5,29.8,2.7,0,0,3,GOOD,"Editorial feature banner | Launch story in three beats"
embla-carousel-auto-scroll-logos,carousels,text,5,30.8,2.7,0,0,3,GOOD,"Trusted-by strip on a SaaS homepage | Conference sponsor and partner wall"
embla-carousel-lazy-load-images,carousels,text,5,30.2,2.7,0,0,3,GOOD,"Image-heavy product galleries | Mobile and slow connections"
quadtree-spatial-partition-visualizer,visualizers,text,5,25.6,2.7,0,0,3,GOOD,"Hit-testing in canvas editors | Neighbour lookups for flocking"
jspdf-invoice-generator,tools,text,5,26.2,2.7,0,0,3,GOOD,"Downloadable receipts in dashboards | Quotes and purchase orders"
pdf-lib-watermark-page-numbers,tools,text,5,23.8,2.7,0,0,3,GOOD,"Confidential report labels | Sample and preview handouts"
papaparse-csv-import-validator,tools,text,5,27.8,2.7,0,0,3,GOOD,"CRM and email list cleaning | Product catalogue and stock uploads"
matter-js-plinko-board,games,text,5,26.8,2.7,0,0,3,GOOD,"Statistics and probability lessons | Giveaways and prize boards"
matter-js-soft-body-jelly,animations,text,5,25.6,2.7,0,0,3,GOOD,"Squishy landing page decorations | Slime characters and soft objects"
momentum-drag-carousel,carousels,desc,4,15.3,2.75,0,0,2,GOOD,"Category or filter selectors | App-store style featured content rows"
tab-bar,navigation,desc,6,23.8,2.75,0,0,3,GOOD,"Product and content pages | Prototype tabbed dashboards"
profile-card,cards,desc,6,27.8,2.75,0,0,3,GOOD,"Team pages and social apps | Make it a reusable React component"
glass-card,cards,desc,6,23.5,2.75,0,0,3,GOOD,"Hero sections and landing pages | Login and authentication overlays"
floating-label,forms,desc,6,24.7,2.75,0,0,3,GOOD,"Sign-up and login forms | Profile and settings edit forms"
hero-section,heroes,desc,6,27.8,2.75,0,0,3,GOOD,"SaaS and product landing pages | Prototype landing page layouts"
skeleton-loader,loaders,desc,6,25,2.75,0,0,3,GOOD,"Social media and content feeds | E-commerce product and search grids"
toast-notification,modals,desc,6,23.5,2.75,0,0,3,GOOD,"Form save and settings confirmations | Background operation completion"
scroll-progress,scroll,desc,6,23.5,2.75,0,0,3,GOOD,"Brand-matched reading indicator | Terms and privacy policy pages"
dropdown-menu,navigation,desc,6,24.8,2.75,0,0,3,GOOD,"Account and profile menus | Filter and sort controls"
stepper,navigation,desc,6,23,2.75,0,0,3,GOOD,"Onboarding wizards | Multi-section forms"
badge-chips,buttons,desc,6,23.5,2.75,0,0,3,GOOD,"Blog and article category tags | User presence and chat status"
star-rating,forms,desc,6,21,2.75,0,0,3,GOOD,"Product and service review forms | Post-purchase satisfaction surveys"
otp-input,forms,desc,6,24.2,2.75,0,0,3,GOOD,"Payment PIN and checkout security | Learn paste event handling"
range-slider,forms,desc,6,20.7,2.75,0,0,3,GOOD,"Settings and preference controls | Colour and opacity controls"
bento-grid,layouts,desc,6,24.5,2.75,0,0,3,GOOD,"Product feature showcase sections | Stats and metric dashboards"
3d-flip-card,cards,desc,6,25.7,2.75,0,0,3,GOOD,"Flashcard learning apps | Team member cards with bio on back"
music-player,cards,desc,6,27.8,2.75,0,0,3,GOOD,"Podcast and audio player widgets | Portfolio background music player"
magnetic-button,buttons,desc,6,23.8,2.75,0,0,3,GOOD,"Hero CTA buttons on premium landing pages | Learn 2D vector math in the browser"
vertical-timeline,layouts,desc,6,20.8,2.75,0,0,3,GOOD,"Company history and milestone pages | Project status and delivery timeline"
text-scramble,animations,desc,6,21.3,2.75,0,0,3,GOOD,"Loading and initialisation screens | Terminal-style command output simulation"
aurora-bg,animations,desc,6,23.5,2.75,0,0,3,GOOD,"Dark landing page depth without images | Loading and splash screen backgrounds"
spotlight,animations,desc,6,24,2.75,0,0,3,GOOD,"Theatre and cinema aesthetic UIs | Product launch countdown pages"
password-strength,forms,desc,6,20.7,2.75,0,0,3,GOOD,"Sign-up and account creation forms | Password change and reset flows"
liquid-blob,animations,desc,6,35,2.75,0,0,3,GOOD,"Creative agency hero section elements | Loading and AI processing indicators"
event-card,cards,desc,6,33.5,2.75,0,0,3,GOOD,"Event platform and ticketing applications | Conference session and webinar cards"
stagger-list,animations,desc,6,19,2.75,0,0,3,GOOD,"Feature and benefit lists on landing pages | Pricing plan feature comparisons"
user-stats-card,dashboards,desc,6,17.3,2.75,0,0,3,GOOD,"Community platform user profiles | Employee analytics dashboards"
dashboard-layout,dashboards,desc,6,30.3,2.75,0,0,3,GOOD,"Prototype dashboard UIs before building | Learn flex app shell and sticky sidebar"
portfolio-hero,heroes,desc,6,39.8,2.75,0,0,3,GOOD,"Freelancer availability and contact landing page | UX/UI designer portfolio and case study index page"
expanding-fab,buttons,desc,6,35.5,2.75,0,0,3,GOOD,"Dashboard create and compose actions | Content management and media library interfaces"
plan-selector,pricing,desc,6,41.5,2.75,0,0,3,GOOD,"SaaS onboarding and initial plan selection flow | Account upgrade and plan change settings page"
color-swatch,forms,desc,6,36.3,2.75,0,0,3,GOOD,"Theme and personalisation colour picker | Car configurator and product customiser"
password-generator,tools,desc,6,31,2.75,0,0,3,GOOD,"Account registration and setup password suggestion | Admin panel credential generation for new accounts"
tree-menu,navigation,desc,6,30,2.75,0,0,3,GOOD,"Design system component and asset browser | Settings panel with nested categories"
video-player,media,desc,6,29.3,2.75,0,0,3,GOOD,"Video course and tutorial platform players | Product demo and feature showcase video embeds"
spin-wheel,games,desc,6,40.5,2.75,0,0,3,GOOD,"Giveaway & Prize Draw Tools | Classroom Random Selector & Ice Breakers"
floating-dock,navigation,text,6,24.8,2.75,0,0,3,GOOD,"Portfolio site navigation | Tool palette in editors"
feature-cards,cards,text,6,24.8,2.75,0,0,3,GOOD,"Pricing page feature comparison | Service offering pages for agencies"
weather-widget,dashboards,desc,6,34.3,2.75,0,0,3,GOOD,"Travel booking site destination weather preview | Extend with hourly forecast and wind direction"
quiz-card,games,desc,6,41.7,2.75,0,0,3,GOOD,"E-learning course knowledge check | Lead-generation and marketing quiz funnel"
org-chart,charts,desc,6,43.2,2.75,0,0,3,GOOD,"HR platform and team directory | Company about page and team showcase"
add-to-cart-button,buttons,text,6,19.2,2.75,0,1,1,GOOD,"Product detail pages | Digital goods and tickets"
time-slot-picker,forms,text,6,17.8,2.75,0,0,1,GOOD,"Salon, clinic, and service bookings | Delivery and pickup windows"
slide-to-confirm,forms,text,6,20,2.75,0,0,1,GOOD,"Unlock and access controls | Ride-share / delivery handoffs"
custom-radio,forms,desc,6,19.2,2.75,0,0,3,GOOD,"Pricing & plan selection | Checkout: shipping & payment"
neumorphism-card,cards,desc,6,18.5,2.75,0,0,3,GOOD,"Soft UI dashboards & widgets | Pricing and membership cards"
pagination,navigation,desc,6,19,2.75,0,0,3,GOOD,"Paginate data tables and lists | Blog and article archives"
animated-hamburger,buttons,desc,6,18.8,2.75,0,0,1,GOOD,"Reusable disclosure control | Mobile navigation toggle"
uptime-status-page,dashboards,text,6,16.3,2.75,0,0,1,GOOD,"SaaS and API status pages | Multi-region service health"
passkey-login,forms,text,6,18.5,2.75,0,0,1,GOOD,"Security-conscious products | Design-system auth components"
hero-email-capture,heroes,text,6,17.3,2.75,0,0,1,GOOD,"Beta and early-access programs | Course and cohort enrollment"
code-snippet-tabs,layouts,text,6,18,2.75,0,0,1,GOOD,"CLI and tooling landing pages | Library and package docs"
three-scroll-horizontal-gallery,scroll,desc,6,17,2.75,0,0,3,GOOD,"Product collection showcases | Portfolio and photo strips"
three-scroll-city-flyover,scroll,desc,6,18.7,2.75,0,0,3,GOOD,"SaaS and startup landing pages | Real estate and architecture sites"
three-scroll-typo-shatter,scroll,desc,6,20.8,2.75,0,0,3,GOOD,"Hero section reveals | Brand and logo intros"
three-scroll-lightning-orb,scroll,desc,6,18.7,2.75,0,0,1,GOOD,"Event and conference countdowns | Game and boss-reveal pages"
lottie-scroll-line-draw,scroll,desc,6,23.5,2.75,0,0,3,GOOD,"Simple trend lines | Storytelling connectors"
lottie-scroll-bar-chart,scroll,desc,6,21,2.75,0,0,3,GOOD,"Scroll-revealed stat sections | Lightweight dashboard accents"
lottie-scroll-orbit-rings,scroll,desc,6,19.2,2.75,0,0,3,GOOD,"Tech and product heroes | Section transition markers"
three-scroll-gear-train,scroll,desc,6,18.8,2.75,0,0,1,GOOD,"Puzzle and automation game promos | Engineering and manufacturing sites"
big-wordmark-footer,footers,desc,6,23.2,2.75,0,0,3,GOOD,"Creative agency and studio sites | Portfolio and personal brand sites"
asteroids-game,games,desc,6,25.2,2.75,0,1,1,GOOD,"Engaging empty-state or 404 filler | Teaching vector movement and inertia"
canvas-procedural-lightning,animations,text,6,27.2,2.75,0,0,3,GOOD,"Music and event mood visuals | Launch moment attention effect"
upvote-downvote-widget,buttons,desc,6,20.2,2.75,0,0,3,GOOD,"Forum and comment ranking | Prototype content ranking features"
team-member-card-grid,cards,desc,6,18.5,2.75,0,0,3,GOOD,"About and team pages | Prototype a hiring or careers page"
hide-on-scroll-navbar,navigation,desc,6,20.3,2.75,0,0,3,GOOD,"Content-heavy mobile sites | Match your existing navbar design"
feature-comparison-matrix-table,pricing,desc,6,20.7,2.75,0,0,3,GOOD,"SaaS and subscription pricing pages | Prototype a plan comparison feature"
filter-tabs-gallery,media,desc,6,18.2,2.75,0,0,3,GOOD,"Portfolio and photography sites | Product or catalog grids"
collapsible-sidebar,layouts,desc,6,16.5,2.75,0,0,1,GOOD,"Developer tool layouts | Admin dashboards and internal tools"
shipping-form-error-summary-panel,forms,desc,4,17.3,2.75,0,0,2,GOOD,"E-commerce Checkout Flows | Long Multi-Section Forms"
color-match-reflex-game,games,desc,4,14.5,2.75,0,0,0,GOOD,"Reflex/Attention Testing Tool | Standalone Browser Mini-Game"
nl-date-natural-language-input,forms,desc,4,18.5,2.75,0,0,2,GOOD,"Quick date filters | Mobile-first quick entry"
number-stepper-keyboard-longpress,forms,desc,4,17.5,2.75,0,0,2,GOOD,"Cart quantity selectors | Bulk quantity admin tools"
table-column-pin-toggle,tables,desc,4,20.8,2.75,0,0,2,GOOD,"Wide admin data tables | Reporting and analytics tables"
scrollspy-active-section-nav,navigation,desc,4,18,2.75,0,0,2,GOOD,"Long-form documentation pages | One-page marketing sites"
unsaved-changes-modal-guard,modals,desc,4,17,2.75,0,0,2,GOOD,"Admin record editors | Content editing modals"
batch-operation-progress-panel,dashboards,desc,4,18.8,2.75,0,0,2,GOOD,"Multi-target deployment or sync jobs | Bulk email or notification sends"
impersonation-mode-banner,dashboards,desc,4,19.3,2.75,0,0,2,GOOD,"Customer support ""login as user"" tools | Internal admin panels with user impersonation"
environment-switcher-banner,dashboards,desc,4,18.3,2.75,0,0,2,GOOD,"Internal admin consoles and ops tools | Support and debugging tools"
job-queue-depth-monitor,dashboards,desc,4,18.5,2.75,0,0,2,GOOD,"Message broker and worker pool monitoring | Capacity planning dashboards"
resizable-sidebar-persisted-width,layouts,desc,4,16.5,2.75,0,0,2,GOOD,"Admin panel and dashboard shells | Keyboard-accessible layout controls"
visual-viewport-keyboard-safe-input-bar,mobile,desc,4,19.5,2.75,0,0,2,GOOD,"Chat and messaging interfaces | Mobile search bars"
undo-redo-history-toolbar,misc,desc,4,18.5,2.75,0,0,0,GOOD,"Rich text and document editors | Canvas, drawing, and design tools"
connection-quality-indicator,dashboards,desc,4,17.3,2.75,0,0,2,GOOD,"Real-time chat and collaboration tools | Mobile web apps on variable networks"
stagger-reveal-scroll-list,scroll,desc,4,19.8,2.75,0,0,2,GOOD,"Portfolio and case study galleries | Long-form content with list sections"
profile-completeness-card,cards,desc,4,19.3,2.75,0,0,2,GOOD,"User profile completion prompts | Contact or lead record completeness"
morphing-icon-state-transition,animations,desc,4,18.8,2.75,0,0,2,GOOD,"Media player controls | Design system icon component library"
mobile-empty-cart-screen,mobile,desc,4,23,2.75,0,0,0,GOOD,"Grocery and subscription reorder apps | E-commerce and shopping apps"
breakout-grid-article-layout,layouts,desc,4,21.3,2.75,0,0,2,GOOD,"Editorial and blog article templates | Teaching named CSS grid lines"
footer-live-chat-launcher,footers,desc,4,19.8,2.75,0,0,2,GOOD,"SaaS marketing and pricing pages | E-commerce checkout support"
footer-region-currency-notice,footers,desc,4,20.3,2.75,0,0,2,GOOD,"International SaaS pricing pages | Global subscription and billing pages"
mobile-workout-progress-screen,mobile,desc,4,16.5,2.75,0,0,0,GOOD,"Teaching SVG progress-ring and stepper patterns | Fitness and strength-training apps"
mobile-referral-invite-screen,mobile,desc,4,18.3,2.75,0,0,0,GOOD,"Fintech and rewards-app onboarding | Referral and affiliate reward programs"
loader-radar-sweep-scan,loaders,text,6,18,2.75,0,0,1,GOOD,"Security and monitoring dashboards | Onboarding ""finding your data"" moments"
multi-timezone-digital-clock,dashboards,desc,4,14.3,2.75,0,0,0,GOOD,"Travel, scheduling, and meeting-planning tools | Distributed team and remote-work dashboards"
bootstrap-responsive-navbar-search,navigation,desc,4,25.8,2.75,0,0,2,GOOD,"SaaS or product marketing site headers | Internal tools and admin dashboards with many nav links"
bootstrap-hero-gradient-cta,heroes,desc,4,20.8,2.75,0,0,2,GOOD,"Marketing pages needing a bold, colorful first impression | A/B testing hero copy and CTA framing"
bootstrap-multistep-signup-modal,modals,desc,4,24.5,2.75,0,0,2,GOOD,"SaaS signup and onboarding flows | Reducing perceived form length"
bootstrap-breadcrumb-overflow-dropdown,navigation,desc,4,20.3,2.75,0,0,2,GOOD,"E-commerce category breadcrumbs | Admin panels with nested resource views"
bootstrap-toast-notification-stack,modals,desc,4,17.5,2.75,0,0,2,GOOD,"Save confirmations and background action feedback | Learning to create Bootstrap components dynamically"
bootstrap-blog-post-card-grid,cards,desc,4,18.5,2.75,0,0,2,GOOD,"Documentation and changelog listings | Content hubs with multiple content types"
bootstrap-2fa-verification-form,forms,desc,4,18.3,2.75,0,0,0,GOOD,"Two-factor authentication and OTP verification | Learning multi-input focus management"
bootstrap-filter-sidebar-offcanvas,modals,desc,4,18,2.75,0,0,2,GOOD,"Mobile-first filtered browsing | Any filterable data or content grid"
bootstrap-sortable-data-table,tables,desc,4,18,2.75,0,0,2,GOOD,"Customer, order, and record lists | Pairing with the Bootstrap Admin Dashboard snippet"
bootstrap-user-menu-avatar-dropdown,navigation,desc,4,16.5,2.75,0,0,0,GOOD,"SaaS app headers and admin panels | Learning to embed interactive controls in a Bootstrap dropdown"
bootstrap-unsaved-changes-alert,forms,desc,4,18.5,2.75,0,0,0,GOOD,"Admin and CMS content editors | Settings and profile pages"
lazy-loaded-carousel,carousels,desc,4,16.5,2.75,0,0,2,GOOD,"Long testimonial or content carousels | Performance-sensitive landing pages"
native-scroll-snap-carousel,carousels,desc,4,16.3,2.75,0,0,2,GOOD,"Mobile-first product or image galleries | Simple hero or promo carousels"
three-scroll-paper-plane-flight,scroll,desc,6,16.5,2.75,0,0,1,GOOD,"Kids' and educational app sites | Product roadmap storytelling"
scroll-book-shelf-slide,scroll,desc,6,21.3,2.75,0,0,3,GOOD,"Book or product catalog storytelling | Sequential feature reveal"
coming-soon-hero,heroes,desc,7,35.1,2.79,0,0,3,GOOD,"Event and conference countdown landing pages | A/B test coming soon page email capture rates"
chip-filter,forms,text,5,21.8,2.8,0,1,0,GOOD,"Portfolio sites | Component libraries"
orbiting-icons,animations,text,5,23.2,2.8,0,0,2,GOOD,"Partner and ecosystem pages | Tech-stack displays"
anime-js-stagger-grid,animations,text,5,27.6,2.8,0,0,2,GOOD,"Dashboard first paint | Onboarding checklists"
css-only-simple-hover-tooltip,modals,desc,5,16,2.8,0,0,2,GOOD,"Sanitized User-Generated Content | HTML Email Footnotes"
footer-newsletter-social-split,footers,desc,5,25,2.8,0,0,2,GOOD,"Media, newsletter, and content businesses | Brand and studio marketing sites"
gpa-calculator,tools,desc,5,21,2.8,0,0,2,GOOD,"Students planning a semester's course load | Transfer credit and grade scale comparison"
modal-type-to-confirm-delete,modals,desc,5,18,2.8,0,0,2,GOOD,"Deleting an entire project, workspace, or account | Admin panels and dangerous bulk operations"
pricing-sticky-compare-bar,pricing,desc,5,19.6,2.8,0,0,2,GOOD,"Long-form pricing pages with FAQs below | Conversion-focused landing pages"
table-scroll-shadow-indicators,tables,desc,5,23.2,2.8,0,0,2,GOOD,"Financial and analytics reporting tables | Admin dashboards with wide data grids"
tax-bracket-estimator,tools,desc,5,25.6,2.8,0,0,2,GOOD,"Personal finance blog or course content | Comparing filing status scenarios"
card-grid-hover-focus-dim,animations,desc,5,24.4,2.8,0,0,2,GOOD,"SaaS feature grids on marketing pages | Dashboard widget/module galleries"
css-view-timeline-underline-progress,scroll,desc,5,15.4,2.8,0,0,0,GOOD,"Replace a per-paragraph IntersectionObserver ratio tracker | Long-form articles with distinct sub-sections"
http-status-code-reference,dev,desc,5,26.6,2.8,0,0,2,GOOD,"Teaching HTTP fundamentals | Code review reference"
user-agent-parser,dev,desc,5,24,2.8,0,0,2,GOOD,"Reviewing server or analytics logs | Teaching why UA sniffing is unreliable"
curl-command-builder,dev,desc,5,23,2.8,0,1,0,GOOD,"Internal developer tooling | Sharing a reproducible API request"
metronome-tempo-tool,tools,desc,5,20,2.8,0,0,2,GOOD,"Music practice tool | Setting a tempo by feel"
days-between-dates-calculator,tools,desc,5,19.4,2.8,0,0,2,GOOD,"Calculating a project or contract deadline | HR and leave planning"
hero-product-configurator,heroes,desc,5,19.6,2.8,0,0,2,GOOD,"Product-led growth homepages | Internal tools and quoting dashboards"
pricing-feature-category-accordion,pricing,desc,5,18,2.8,0,0,2,GOOD,"Enterprise sales and procurement pages | Platform pricing with multiple product areas"
sync-scroll-compare-layout,layouts,desc,5,21.6,2.8,0,0,2,GOOD,"Document and policy draft comparison | Before/after content or copy review"
ridgeline-plot-chart,charts,desc,5,21.8,2.8,0,0,2,GOOD,"Comparing many groups at once | Scientific and statistical reporting"
beeswarm-plot-chart,charts,desc,5,19,2.8,0,0,2,GOOD,"Survey and demographic response spread | Scientific and clinical trial data"
dns-propagation-checker-widget,dashboards,desc,5,27.2,2.8,0,0,2,GOOD,"Domain registrar and DNS management tools | CDN and DNS provider status tools"
support-ticket-backlog-widget,dashboards,desc,5,23.4,2.8,0,0,2,GOOD,"Support and helpdesk team dashboards | Customer success team standups"
sql-query-formatter,dev,desc,5,23,2.8,0,1,0,GOOD,"Internal developer tooling | Cleaning up a query before a code review"
meta-og-tag-generator,dev,desc,5,22.8,2.8,0,0,2,GOOD,"Preparing a new landing page for launch | QA-ing an existing page's share appearance"
palindrome-anagram-checker,tools,desc,5,18.8,2.8,0,0,0,GOOD,"Word game and puzzle utilities | Teaching string normalization and comparison logic"
bootstrap-usage-pricing-calculator,pricing,desc,5,16.6,2.8,0,0,0,GOOD,"Learning Bootstrap's form-range component | Usage-based and metered SaaS pricing pages"
bootstrap-star-rating-input,forms,desc,5,18.2,2.8,0,0,2,GOOD,"Learning custom accessible widgets | Filtering by minimum rating"
bootstrap-multi-select-dropdown,forms,desc,5,16.4,2.8,0,0,0,GOOD,"Search interfaces with faceted filters | Filtering tables or lists by multiple categories"
bootstrap-range-slider-price,forms,desc,5,16.8,2.8,0,0,0,GOOD,"Marketplace and real estate search filters | E-commerce price filtering sidebars"
bootstrap-maintenance-page,layouts,desc,5,21.6,2.8,0,0,2,GOOD,"Planned downtime and deploy windows | Learning countdown timer mechanics"
bootstrap-subscription-plans-cards,pricing,desc,5,18.6,2.8,0,1,0,GOOD,"SaaS pricing pages | Usage-based add-ons"
bootstrap-dashboard-stat-cards,dashboards,desc,5,17,2.8,0,0,0,GOOD,"Reporting and summary pages | Admin and analytics dashboards"
bootstrap-settings-tabs-page,dashboards,desc,5,17.6,2.8,0,0,0,GOOD,"Learning Bootstrap's native tab plugin | Account and app settings pages"
bootstrap-loading-spinner-overlay,loaders,desc,5,20.8,2.8,0,0,2,GOOD,"Form submission feedback | E-commerce cart or checkout updates"
bootstrap-skeleton-loader-cards,loaders,desc,5,17.6,2.8,0,0,0,GOOD,"Teaching CSS-only shimmer animation | Dashboard widgets and stat panels"
bootstrap-search-autocomplete-suggestions,forms,desc,5,18.6,2.8,0,0,0,GOOD,"Tag, city, or country pickers in forms | Site search boxes and command palettes"
bootstrap-animated-counter-stats,dashboards,desc,5,15.8,2.8,0,0,0,GOOD,"Product or pricing page highlights | Marketing landing page stats"
bootstrap-password-show-hide-toggle,forms,desc,5,19,2.8,0,0,0,GOOD,"Sign-up and account creation forms | Login forms"
bootstrap-sticky-table-header-scroll,tables,desc,5,18.8,2.8,0,0,2,GOOD,"Order, transaction, or activity history panels | Learning position: sticky's actual requirements"
scroll-seismograph-needle-draw,scroll,desc,5,19.2,2.8,0,0,0,GOOD,"Vintage instrument-panel aesthetic section | Data/analytics dashboard reveal"
pdf-lib-merge-reorder-pdfs,tools,text,5,25.2,2.8,0,0,2,GOOD,"Contracts and HR paperwork | Internal tools without a backend"
matter-js-newtons-cradle,animations,text,5,30.6,2.8,0,0,2,GOOD,"Momentum and energy lessons | Interactive science explainers"
matter-js-slingshot-tower-knockdown,games,text,5,24.8,2.8,0,0,2,GOOD,"Playful promotional microsites | Projectile physics classes"
matter-js-hill-climb-car,games,text,5,30,2.8,0,0,2,GOOD,"Vehicle physics lesson | Playable portfolio demo"
hamburger-nav,navigation,desc,6,25.7,2.83,0,0,2,GOOD,"Drop into any HTML project | Match your brand"
breadcrumb,navigation,desc,6,25.8,2.83,0,0,2,GOOD,"E-commerce and content sites | Customise the separator character"
button-group,buttons,desc,6,26.5,2.83,0,0,2,GOOD,"Learn CSS design system patterns | SaaS onboarding and CTA sections"
stats-card,dashboards,desc,6,23.7,2.83,0,1,0,GOOD,"Marketing and landing pages | Analytics and SaaS dashboards"
testimonial-card,cards,desc,6,26.2,2.83,0,0,2,GOOD,"Landing page social proof sections | Checkout and pricing page trust signals"
split-hero,heroes,desc,6,24.2,2.83,0,0,2,GOOD,"Portfolio and agency hero sections | Progressive enhancement for mobile"
marquee,animations,desc,6,21,2.83,0,0,2,GOOD,"Feature and announcement tickers | Social proof testimonial scrolls"
notification-bell,dashboards,desc,6,20.5,2.83,0,0,2,GOOD,"Prototype notification UX | Customise the badge and panel styling"
pricing-toggle,pricing,desc,6,25.3,2.83,0,0,2,GOOD,"SaaS pricing page billing toggle | Prototype pricing UX"
typewriter,animations,desc,6,22.7,2.83,0,0,2,GOOD,"Hero headline dynamic keyword cycling | A/B test headline variants"
kanban-board,dashboards,desc,6,23.5,2.83,0,0,2,GOOD,"Sprint and project task tracking | Content production pipelines"
scroll-snap-gallery,scroll,desc,6,18.2,2.83,0,0,2,GOOD,"Product and feature carousels | Onboarding slides on mobile"
glitch-text,animations,desc,6,36.3,2.83,0,0,2,GOOD,"Error page and access denied headings | Product name and brand reveals"
svg-progress-ring,loaders,desc,6,35.5,2.83,0,0,2,GOOD,"Analytics and KPI completion dashboards | Course completion and learning progress meters"
custom-cursor,animations,desc,6,38,2.83,0,0,2,GOOD,"Creative agency and portfolio sites | Interactive showcase and feature demo pages"
bottom-nav,navigation,desc,6,32.8,2.83,0,0,2,GOOD,"Progressive Web App primary navigation | Mobile UI design client presentations"
color-picker-input,forms,desc,6,50.5,2.83,0,0,2,GOOD,"Profile and avatar background colour pickers | Background and text colour contrast configurators"
number-slot,loaders,desc,6,22.3,2.83,0,0,2,GOOD,"Lottery and prize reveal animations | Dashboard metric animated updates"
data-table,tables,desc,6,30.8,2.83,0,0,2,GOOD,"Order history and transaction tables | Employee and HR management dashboards"
sortable-table,tables,desc,6,34.5,2.83,0,0,2,GOOD,"Analytics and business metrics dashboards | Order management and fulfilment queues"
gradient-mesh-hero,heroes,desc,6,39.3,2.83,0,0,2,GOOD,"SaaS product and developer tool landing page hero | Design system, component library, and UI kit homepages"
progress-bar,loaders,desc,6,35.7,2.83,0,0,2,GOOD,"Course completion, onboarding, and profile strength indicators | Skill level and strength meter displays"
expandable-table,tables,desc,6,43,2.83,0,0,2,GOOD,"Expense reports and financial transaction tables | Project and milestone tracking tables"
activity-feed,dashboards,desc,6,35.7,2.83,0,0,2,GOOD,"System monitoring and alert history dashboards | Audit log and compliance event history displays"
pricing-faq,pricing,desc,6,40.3,2.83,0,0,2,GOOD,"SaaS product pricing documentation and help pages | Landing page question sections for any product or service"
minimal-hero,heroes,desc,6,40.3,2.83,0,0,2,GOOD,"Consulting firm and professional services homepage heroes | Rebranding and product pivot announcement pages"
alert-banner,modals,desc,6,37.3,2.83,0,0,2,GOOD,"System status and maintenance announcements | Dashboard metric and data freshness notices"
popover,modals,desc,6,39.2,2.83,0,0,2,GOOD,"Contextual help and documentation popovers | Filter and sort option panels in listing UIs"
editable-table,tables,desc,6,41.7,2.83,0,0,2,GOOD,"Product catalogue and inventory management tables | Spreadsheet-style data entry and bulk import"
trial-countdown,pricing,desc,6,44.7,2.83,0,0,2,GOOD,"SaaS free trial expiry and upgrade conversion | Multi-tier plan progression and upsell prompts"
autocomplete-input,forms,desc,6,36,2.83,0,0,2,GOOD,"Country and city selector in address and profile forms | Command input and keyboard shortcut launcher"
code-block,layouts,desc,6,34.2,2.83,0,0,2,GOOD,"Interactive coding tutorials and learning platforms | Portfolio projects and case study technical sections"
testimonial-slider,carousels,desc,6,34,2.83,0,0,2,GOOD,"Portfolio case study and project showcase | Onboarding and welcome screen feature carousel"
drag-sort-list,layouts,desc,6,36.8,2.83,0,0,2,GOOD,"Task and project priority reordering | Dashboard widget and column arrangement"
avatar-group,cards,desc,6,34.8,2.83,0,0,2,GOOD,"Team member display in project and board cards | Study the negative margin overlap and border separation technique"
sticky-cart-drawer,modals,desc,6,30.3,2.83,0,0,2,GOOD,"E-commerce storefronts and product pages | Checkout funnels and upsell flows"
theme-palette-generator,tools,desc,6,34.2,2.83,0,0,2,GOOD,"Theming tools and brand customization panels | Rapid prototyping and mockup tools"
sparkline-chart,charts,desc,6,36.7,2.83,0,0,2,GOOD,"Dashboard KPI metric cards with trend indicators | Inline trend indicators in table cells and lists"
table-of-contents,navigation,desc,6,32.3,2.83,0,0,2,GOOD,"Legal documents and terms of service pages | Product changelog and release notes pages"
swipe-cards,cards,desc,6,43,2.83,0,0,2,GOOD,"Survey & Preference Sorting UI | Content Curation & News Triage Tool"
stacked-cards,cards,text,6,23.7,2.83,0,0,2,GOOD,"Article or content carousels | Onboarding feature highlights"
css-animated-border,animations,text,6,23.8,2.83,0,0,2,GOOD,"Developer portfolio cards | Notification badges"
photo-gallery,media,text,6,24.2,2.83,0,0,2,GOOD,"Event recap pages | Team or client showcase"
parallax-hero,scroll,text,6,28,2.83,0,0,2,GOOD,"Event or conference headers | Interactive storytelling intros"
carousel,carousels,text,6,21.8,2.83,0,0,2,GOOD,"Hero section feature carousels | App store screenshots"
multi-range-slider,forms,text,6,24.5,2.83,0,0,2,GOOD,"E-commerce price filter | Date range selector"
image-hover-reveal,cards,text,6,23.7,2.83,0,0,2,GOOD,"Portfolio and agency project grids | Restaurant or food menu items"
gradient-progress,loaders,text,6,23.2,2.83,0,0,2,GOOD,"Portfolio skill showcases | Fundraising and goal trackers"
tip-calculator,tools,desc,6,36.7,2.83,0,0,2,GOOD,"Personal finance and budgeting app dining module | Freelancer invoice tip or service fee calculator"
invoice-preview,cards,desc,6,36.8,2.83,0,0,2,GOOD,"SaaS billing portal invoice history view | E-commerce order confirmation and receipt display"
api-key-manager,dashboards,desc,6,40.5,2.83,0,0,2,GOOD,"OAuth application client secrets management | Webhook endpoint secrets and signing keys"
comment-thread,cards,desc,6,40,2.83,0,0,2,GOOD,"Community forum and discussion platform | Code review and document annotation tool"
nutrition-label,cards,desc,6,42.8,2.83,0,0,2,GOOD,"Food manufacturer packaging mockup tool | Supplement and beverage label variants"
inline-edit-field,forms,desc,6,43.3,2.83,0,0,2,GOOD,"SaaS project and task management interfaces | Dashboard KPI and goal editing"
changelog-feed,cards,desc,6,45.5,2.83,0,0,2,GOOD,"SaaS product changelog page | Email newsletter archive"
css-loader-gallery,loaders,desc,6,45.2,2.83,0,0,2,GOOD,"Choose and embed a loader for any async state | Design system loading indicator library"
shipping-method-selector,forms,text,6,18.5,2.83,0,0,2,GOOD,"Pickup vs delivery choice | Service tier selection"
loyalty-points-widget,cards,text,6,17.2,2.83,0,0,2,GOOD,"Cafe and retail apps | Referral and credit balances"
pull-to-refresh,loaders,text,6,18.2,2.83,0,0,0,GOOD,"E-commerce order tracking | Mobile message and email lists"
snackbar-undo,modals,text,6,19.2,2.83,0,0,2,GOOD,"Bulk actions with safety | Settings and destructive toggles"
image-accordion,media,text,6,17.7,2.83,0,0,2,GOOD,"Portfolio and project highlights | Event or program lineups"
compare-bar,navigation,text,6,17.3,2.83,0,0,2,GOOD,"Travel and hotel booking | Course and content catalogues"
3d-button,buttons,desc,6,21.5,2.83,0,0,2,GOOD,"Game and app UI controls | Keyboard-friendly feedback"
custom-checkbox,forms,desc,6,18,2.83,0,0,2,GOOD,"Terms & conditions agreement | Design-system checkbox"
animated-underline,animations,desc,6,16.8,2.83,0,0,2,GOOD,"Navigation bar links | Hero and CTA text links"
css-hover-dropdown,navigation,desc,6,17.8,2.83,0,0,2,GOOD,"Marketing site navigation | Mega-menu starting point"
password-toggle,forms,desc,6,17.5,2.83,0,0,2,GOOD,"Login and signup forms | Password reset & change forms"
textarea-counter,forms,desc,6,20.7,2.83,0,0,2,GOOD,"SEO meta description fields | Reusable counted input"
file-input,forms,desc,6,17.8,2.83,0,0,2,GOOD,"Upload fields in forms | Reusable upload component"
top-loading-bar,loaders,text,6,16.8,2.83,0,0,0,GOOD,"File and asset loading | SPA route transitions"
notification-permission-prompt,modals,text,6,19.2,2.83,0,0,2,GOOD,"SaaS and productivity apps | E-commerce and marketing"
language-switcher,navigation,text,6,17.8,2.83,0,0,2,GOOD,"SaaS app settings | Travel and booking platforms"
conditional-form-fields,forms,text,6,17.3,2.83,0,0,0,GOOD,"Surveys and applications | Contact and support forms"
three-scroll-tunnel,scroll,desc,6,16.2,2.83,0,0,2,GOOD,"Immersive landing intros | Sci-fi storytelling"
three-scroll-galaxy-formation,scroll,desc,6,17.2,2.83,0,1,0,GOOD,"Scroll-story chapter breaks | Space and astronomy sites"
three-scroll-crystal-bloom,scroll,desc,6,18.8,2.83,0,0,2,GOOD,"Brand story sections | Portfolio scroll intros"
three-scroll-constellation-web,scroll,desc,6,18,2.83,0,0,0,GOOD,"Astronomy and stargazing sites | Data-story landing pages"
lottie-scroll-pulse-dots,scroll,desc,6,20.7,2.83,0,0,2,GOOD,"Loading and progress indicators | Step and status rings"
three-scroll-rubiks-assemble,scroll,desc,6,18.7,2.83,0,0,2,GOOD,"Agency and portfolio intros | Teaching reversible stagger design"
three-scroll-hologram-scan,scroll,desc,6,18.5,2.83,0,0,0,GOOD,"Teaching Three.js clipping planes | Sci-fi product and dev-tool launches"
three-scroll-prism-split,scroll,desc,6,19.7,2.83,0,0,2,GOOD,"Music and album visuals | Puzzle games with light mechanics"
traffic-light-fsm-visualizer,visualizers,desc,6,31.8,2.83,0,0,2,GOOD,"Teaching finite state machines to junior developers | Game character or enemy AI behavior diagrams"
ai-prompt-suggestion-chips,forms,desc,6,52,2.83,0,0,2,GOOD,"AI-assisted search and document Q&A tools | Customer support and helpdesk AI assistants"
product-360-image-spin,media,desc,6,38.8,2.83,0,0,2,GOOD,"E-commerce product detail pages for footwear, cosmetics, and accessories | Furniture and home goods configurators"
empty-state-ai-suggestions,dashboards,desc,6,45,2.83,0,0,2,GOOD,"Empty dashboard widgets and report builders | Prototyping AI-suggestion UX before the real model integration exists"
robot-loop-programmer-game,games,desc,6,37.8,2.83,0,0,2,GOOD,"Kids' coding club, STEM outreach or museum kiosk | Stepped-execution UI pattern for workflow and automation tools"
terminal-command-game,games,desc,6,35.5,2.83,0,0,2,GOOD,"Developer marketing pages, careers sites and booth screens | Safe practice environment for destructive commands"
logic-gate-puzzle-game,games,desc,6,36.2,2.83,0,0,2,GOOD,"STEM outreach, electronics courses, and museum kiosks | Rule-builder interfaces with live evaluation"
cron-expression-builder,tools,desc,6,33.5,2.83,0,0,2,GOOD,"CI/CD and job runner configuration screens | Teaching cron syntax"
scroll-progress-footer,footers,desc,6,23.7,2.83,0,1,0,GOOD,"Portfolio case studies | Documentation and long-form article pages"
glass-footer,footers,desc,6,23.8,2.83,0,0,2,GOOD,"Product pages with a colourful hero backdrop | Studying the glassmorphism technique"
command-bar-footer,footers,desc,6,24.2,2.83,0,0,2,GOOD,"SaaS dashboards and admin panels | Project management and collaboration tools"
tank-arena-game,games,desc,6,22.5,2.83,0,1,0,GOOD,"Engaging empty-state or 404 filler | Four-way touch control template"
sky-hopper-game,games,desc,6,24.8,2.83,0,1,0,GOOD,"Engaging empty-state or 404 filler | Two-button touch game template"
frog-crossing-game,games,desc,6,25.2,2.83,0,1,0,GOOD,"Engaging empty-state or 404 filler | Grid-hop touch control template"
cave-flyer-game,games,desc,6,24.3,2.83,0,1,0,GOOD,"Engaging empty-state or 404 filler | One-button touch game template"
dot-muncher-game,games,desc,6,24.3,2.83,0,1,0,GOOD,"Engaging empty-state or 404 filler | Grid-maze touch control template"
canvas-gravity-particles,animations,text,6,27.8,2.83,0,0,2,GOOD,"Hero that visitors reshape | Multi-body force demonstrations"
off-canvas-menu,navigation,desc,6,25.2,2.83,0,0,2,GOOD,"Mobile-first app navigation | Match your brand palette"
drag-drop-reorder-list,layouts,desc,6,19.8,2.83,0,0,2,GOOD,"Prototype playlist or queue reordering | Match your design system"
loan-emi-calculator,tools,desc,6,18.8,2.83,0,0,2,GOOD,"Learn the amortization formula | Match your financial product branding"
print-button,buttons,desc,6,20.2,2.83,0,0,2,GOOD,"Invoices and receipts | Prototype reports and tickets"
responsive-table-cards,tables,desc,6,21.2,2.83,0,0,2,GOOD,"Match your card and badge styling | Preserve semantic table structure"
password-reset-form,forms,desc,6,20.7,2.83,0,0,2,GOOD,"Match your auth screens' branding | Practice accessible form error patterns"
newsletter-popup-modal,modals,desc,6,19,2.83,0,0,2,GOOD,"Blog and content site email capture | Match your brand and offer"
whatsapp-floating-button,buttons,desc,6,20.3,2.83,0,0,2,GOOD,"Match your brand's floating action style | Pre-fill different messages per page"
related-articles-carousel,carousels,desc,6,19.8,2.83,0,0,2,GOOD,"Related content and recommendation rows | Match your card and button styling"
hero-audience-toggle-switcher,heroes,desc,6,18,2.83,0,0,2,GOOD,"Dev-tool and platform landing pages | Marketplace platforms (buyer vs seller)"
hero-live-demo-input,heroes,desc,6,18.5,2.83,0,0,2,GOOD,"CMS, blogging, and publishing tool heroes | SEO and content tooling landing pages"
recipe-serving-scaler-card,cards,desc,6,22.3,2.83,0,0,2,GOOD,"Recipe and cooking apps | Print-ready recipe cards"
wifi-guest-access-card,cards,desc,6,22,2.83,0,0,0,GOOD,"Coworking space member portals | Hotel and hospitality in-room screens"
cursor-image-mask-reveal,animations,desc,6,20.7,2.83,0,0,2,GOOD,"Real estate day/night or virtual staging | Map or diagram overlay comparisons"
3d-swipe-card-stack,animations,desc,6,18.8,2.83,0,0,2,GOOD,"Onboarding preference pickers | Flashcard-style review decks"
status-icon-morph-spinner-check,animations,desc,6,23.8,2.83,0,0,2,GOOD,"CI/CD and deploy status UIs | File upload progress buttons"
prescription-refill-card,cards,desc,6,20.2,2.83,0,0,2,GOOD,"Pharmacy and telehealth apps | Learn async button state machines"
pet-vaccination-reminder-card,cards,desc,6,22.3,2.83,0,0,2,GOOD,"Veterinary clinic patient portals | Boarding and daycare intake requirements"
bootstrap-calendar-event-widget,dashboards,desc,6,17.2,2.83,0,0,0,GOOD,"Team scheduling dashboards | Scheduling across time zones"
bootstrap-paste-to-upload,forms,desc,3,20.3,2.83,0,0,1,GOOD,"Chat and comment boxes accepting image attachments | Bug report and support ticket forms"
bootstrap-session-expiry-warning,modals,desc,3,17.7,2.83,0,0,1,GOOD,"Learning to coordinate multiple UI states from one timer | Banking, healthcare, and other compliance-sensitive dashboards"
three-scroll-origami-crane-unfold,scroll,desc,6,16.7,2.83,0,1,0,GOOD,"Scroll-story chapter breaks | Paper craft and design portfolios"
keyboard-focus-order-debugger,tools,desc,4,21.5,2.88,0,0,1,GOOD,"Teaching the real tabindex algorithm | Accessibility auditing during development"
auto-retry-countdown-loader,loaders,desc,4,18.5,2.88,0,0,1,GOOD,"Mobile apps on unreliable networks | Dashboard and data-fetch loading states"
base64-playground,dev,desc,4,27.3,2.88,0,0,1,GOOD,"Teaching how base64 and URL-safe encoding work | Debugging API payloads and auth headers"
loader-barcode-scan-sweep,loaders,desc,4,23.3,2.88,0,0,1,GOOD,"Shipping, receiving, and logistics tools | Point-of-sale and checkout loading states"
mobile-boarding-pass-screen,mobile,desc,4,19.3,2.88,0,0,1,GOOD,"Event and concert ticket apps | Airline and travel booking apps"
footer-store-locator-map,footers,desc,4,20.3,2.88,0,0,1,GOOD,"Restaurants and franchise sites | Retail chains and multi-location brands"
footer-business-hours-status,footers,desc,4,21,2.88,0,0,1,GOOD,"Support and contact pages | Local businesses and restaurants"
footer-changelog-status-links,footers,desc,4,22.3,2.88,0,0,1,GOOD,"Internal admin and ops dashboards | SaaS product marketing sites"
mobile-settings-search-screen,mobile,desc,4,21.8,2.88,0,0,1,GOOD,"Apps with large, deeply grouped settings | Admin dashboards and internal tools"
bootstrap-product-card-grid,cards,desc,4,26.3,2.88,0,0,1,GOOD,"E-commerce category and shop pages | Learning event delegation in a real UI"
bootstrap-pricing-table-toggle,pricing,desc,4,22.5,2.88,0,0,1,GOOD,"SaaS and subscription product pricing pages | Learning Bootstrap's real form-switch component"
bootstrap-login-form-validation,forms,desc,4,24,2.88,0,0,1,GOOD,"Product and SaaS authentication pages | Learning field-level validation timing"
bootstrap-offcanvas-cart,modals,desc,4,23.3,2.88,0,0,1,GOOD,"Pairing with a product grid's Add to cart buttons | E-commerce sites needing a persistent cart panel"
bootstrap-accordion-faq-search,navigation,desc,4,23,2.88,0,0,1,GOOD,"Product and pricing page FAQ sections | Learning Bootstrap's real accordion component"
bootstrap-admin-dashboard-sidebar,dashboards,desc,4,23.3,2.88,0,0,1,GOOD,"SaaS product dashboards and analytics views | Internal admin panels and back-office tools"
bootstrap-mega-menu-navbar,navigation,desc,4,19.5,2.88,0,0,1,GOOD,"SaaS products with many feature pages | Learning the position:static mega-menu trick"
bootstrap-team-member-grid,cards,desc,4,17,2.88,0,0,1,GOOD,"About and careers pages | Learning data-attribute-driven filtering"
bootstrap-signup-password-strength,forms,desc,4,17.8,2.88,0,0,1,GOOD,"Reducing support load from confusing password errors | Signup and account-creation forms"
bootstrap-contact-form-char-counter,forms,desc,4,18.8,2.88,0,0,1,GOOD,"Support ticket and feedback widgets | Contact and support request forms"
bootstrap-form-autosave-status,forms,desc,4,19.3,2.88,0,0,1,GOOD,"Admin panels editing structured records | Notes, docs, and long-form content editors"
bootstrap-hold-to-confirm-delete-button,buttons,desc,4,19,2.88,0,0,1,GOOD,"Removing items from a cart or list without a confirmation popup | Destructive actions in settings and admin panels"
bootstrap-no-search-results-state,layouts,desc,4,20.8,2.88,0,0,1,GOOD,"Product or catalog search on ecommerce sites | Any filterable list, dropdown, or command menu"
bootstrap-maintenance-banner,modals,desc,4,16.5,2.88,0,0,1,GOOD,"SaaS dashboards and admin tools | Announcing a scheduled maintenance window in advance"
choices-searchable-multiselect-tags,forms,desc,4,19.3,2.88,0,0,1,GOOD,"Admin filters | Role and skill pickers"
auto-resize-textarea,forms,text,5,20.6,2.9,0,0,1,GOOD,"Email composers | Comment and feedback forms"
linked-list-visualizer,visualizers,desc,5,33.8,2.9,0,0,1,GOOD,"Whiteboard-style walkthrough tool for technical mentoring | Teaching linked lists and Big-O of common operations"
dependency-graph-viewer,dashboards,desc,5,35.8,2.9,0,0,1,GOOD,"Data lineage and pipeline visualization | Microservice architecture dashboards"
now-playing-mini-player,media,desc,5,33,2.9,0,0,1,GOOD,"Sticky action bars that expand to detail panels | Music and podcast player interfaces"
lru-cache-visualizer,visualizers,desc,5,39.2,2.9,0,0,1,GOOD,"Interview preparation for the classic ""Design LRU Cache"" problem | Teaching O(1) cache algorithms and Big-O intuition"
bloom-filter-visualizer,visualizers,desc,5,41.6,2.9,0,0,1,GOOD,"Interactive demo for a data structures course or blog post | Teaching probabilistic data structures concretely"
chord-diagram-chart,charts,desc,5,22.4,2.9,0,0,1,GOOD,"Trade, migration, or transaction flow visualization | Cross-team or cross-department flow analysis"
footer-directory-sitemap,footers,desc,5,23.6,2.9,0,0,1,GOOD,"SEO-focused publishing and content sites | Large e-commerce catalogs"
lorem-ipsum-generator,tools,desc,5,21,2.9,0,0,1,GOOD,"CMS and component library placeholder content | Filling mockups and wireframes with realistic-length text"
parallel-coordinates-chart,charts,desc,5,24,2.9,0,0,1,GOOD,"Multivariate dataset exploration | Multi-attribute product or spec comparison"
text-case-converter,tools,desc,5,23.4,2.9,0,0,1,GOOD,"Renaming identifiers across a codebase's different layers | Generating consistent API field or config key names"
violin-plot-chart,charts,desc,5,22.8,2.9,0,0,1,GOOD,"A/B test and experiment result comparison | API latency and performance distribution analysis"
jelly-press-button,buttons,desc,5,20.8,2.9,0,0,1,GOOD,"Micro-interaction design systems | Add-to-cart and primary CTA buttons"
character-wobble-hover-text,animations,desc,5,19.2,2.9,0,0,1,GOOD,"Kids, games, and entertainment brand sites | Playful hero headings"
avatar-stack-fan-expand,animations,desc,5,24.6,2.9,0,0,1,GOOD,"Reviewer and approver rows | Team and collaborator lists"
css-native-scroll-progress-ring,scroll,desc,5,19.6,2.9,0,0,1,GOOD,"Landing pages with a long story scroll | Long-form article and blog readers"
fab-container-transform-sheet,animations,desc,5,21.8,2.9,0,0,1,GOOD,"Focus-managed sheets | Compose/quick-add actions"
css-grid-generator,dev,desc,5,23.2,2.9,0,0,1,GOOD,"Prototyping a layout before writing final CSS | Teaching CSS Grid fundamentals"
lights-out-puzzle-game,games,desc,5,24.2,2.9,0,0,1,GOOD,"Teaching linear algebra over GF(2) | Brain-training and puzzle game collections"
tower-of-hanoi-game,games,desc,5,27,2.9,0,0,1,GOOD,"Teaching recursion and algorithmic complexity | Logic puzzle collections"
drill-down-settings-nav,navigation,desc,5,24.6,2.9,0,0,1,GOOD,"Multi-level onboarding or setup wizards | Mobile-style settings and preferences screens"
table-csv-paste-populate,tables,desc,5,21.2,2.9,0,0,1,GOOD,"Admin panels for seeding sample or import data | Bulk data entry tools"
cdn-cache-hit-ratio-widget,dashboards,desc,5,22.8,2.9,0,0,1,GOOD,"CDN and edge infrastructure dashboards | Performance and reliability status boards"
table-sticky-footer-totals,tables,desc,5,20.8,2.9,0,0,1,GOOD,"Expense reports and reimbursement tools | Invoice and quote line-item editors"
wind-rose-chart,charts,desc,5,19.8,2.9,0,0,1,GOOD,"Meteorological and climate dashboards | Environmental and renewable-energy reporting"
horizon-chart,charts,desc,5,21.6,2.9,0,0,1,GOOD,"Sensor and IoT fleet visualization | Infrastructure and server monitoring dashboards"
master-detail-split-nav,navigation,desc,5,20,2.9,0,0,1,GOOD,"Teaching CSS-only responsive layout switching | Email, messaging, and inbox interfaces"
bootstrap-type-confirm-delete-modal,modals,desc,5,17.8,2.9,0,0,1,GOOD,"Preventing accidental destructive clicks | Deleting a project, repository, or account"
bootstrap-countdown-timer-banner,modals,desc,5,21,2.9,0,0,1,GOOD,"Event and webinar registration pages | E-commerce flash sale banners"
bootstrap-timeline-vertical,layouts,desc,5,18.6,2.9,0,0,1,GOOD,"Order tracking and status history | Company history and about pages"
bootstrap-faq-page-categories,layouts,desc,5,17.8,2.9,0,0,1,GOOD,"Internal knowledge base pages | Product and SaaS help centers"
bootstrap-multilevel-dropdown-menu,navigation,desc,5,18.2,2.9,0,0,1,GOOD,"Learning to extend Bootstrap components | Multi-category site navigation"
bootstrap-testimonial-grid-ratings,cards,desc,5,20.2,2.9,0,0,1,GOOD,"Customer review and testimonial sections | Product review grids in e-commerce"
bootstrap-duplicate-file-detection-upload,forms,desc,5,16.6,2.9,0,0,1,GOOD,"Document and attachment upload forms | Bulk data import tools"
scroll-pinball-flipper-launch,scroll,desc,5,20.2,2.9,0,0,1,GOOD,"Product feature showcase with playful motion | Arcade-themed landing page hero"
scroll-fabric-unroll-bolt,scroll,desc,5,18.8,2.9,0,0,1,GOOD,"Textile or fashion brand storytelling section | E-commerce product reveal"
scroll-crossword-fill-reveal,scroll,desc,5,19.2,2.9,0,0,1,GOOD,"Educational vocabulary or spelling reveal | Puzzle or word-game landing page"
scroll-lava-lamp-blobs,scroll,desc,5,18,2.9,0,0,1,GOOD,"Music, party, or event brand hero | Retro or nostalgia-themed brand section"
scroll-film-strip-scrub,scroll,desc,5,19,2.9,0,0,1,GOOD,"Timeline or history scroll narrative | Photography or film portfolio showcase"
scroll-paper-fold-brochure,scroll,desc,5,22.2,2.9,0,0,1,GOOD,"About page or company overview reveal | Product or service brochure landing page"
scroll-stock-candlestick-crash,scroll,desc,5,18.6,2.9,0,0,1,GOOD,"Finance or trading educational content | Fintech or trading platform landing page"
apexcharts-likert-stacked-bar,charts,text,5,30.2,2.9,0,0,1,GOOD,"Employee engagement pulse surveys | Customer satisfaction results"
embla-carousel-parallax-slides,carousels,text,5,29.2,2.9,0,0,1,GOOD,"Portfolio project covers | Destination cards for travel sites"
jspdf-certificate-generator,tools,text,5,29.4,2.9,0,0,1,GOOD,"HR and compliance training records | Course completion certificates"
loading-button,buttons,desc,6,21.8,2.92,0,0,1,GOOD,"File upload triggers | Form submission and settings save"
search-box,forms,desc,6,27.8,2.92,0,0,1,GOOD,"Command palette search input | Site search and navigation search"
css-grid-cards,layouts,desc,6,24.5,2.92,0,0,1,GOOD,"Product and portfolio grids | Blog and content listing pages"
css-tooltip,navigation,desc,6,24.3,2.92,0,0,1,GOOD,"Dashboard metric labels | Icon button labels"
social-buttons,buttons,desc,6,25.5,2.92,0,0,1,GOOD,"Prototype authentication UIs | Sign-up and login pages"
modal,modals,desc,6,23,2.92,0,0,1,GOOD,"In-context add and edit forms | Delete and destructive action confirmations"
count-up,animations,desc,6,23.7,2.92,0,0,1,GOOD,"SaaS social proof numbers | Hero section impact metrics"
command-palette,modals,desc,6,23.2,2.92,0,0,1,GOOD,"Customise grouping and icons | SaaS dashboard navigation"
neon-glow,buttons,desc,6,20.5,2.92,0,0,1,GOOD,"Add neon glow to any existing button | Cyberpunk and gaming UI"
cookie-banner,modals,desc,6,64.3,2.92,0,0,1,GOOD,"Learn the animationend DOM cleanup pattern for animated exits | GDPR and CCPA cookie consent compliance for websites"
social-post-card,cards,desc,6,33,2.92,0,0,1,GOOD,"Social proof embeds on landing pages | Social media feed components"
404-page,layouts,desc,6,54.2,2.92,0,0,1,GOOD,"Website and web app 404 error page | Custom error pages for static sites and CDNs"
article-card,cards,desc,6,54.8,2.92,0,0,1,GOOD,"Content marketing and case study sections | Blog and news listing pages"
analog-clock,animations,desc,6,50.8,2.92,0,0,1,GOOD,"Pomodoro timer and focus session displays | World clock and multi-timezone displays"
schedule-table,tables,desc,6,39.2,2.92,0,0,1,GOOD,"Booking and appointment scheduling interfaces | Team meeting calendars and shared weekly schedules"
pricing-page,pricing,desc,6,32.5,2.92,0,0,1,GOOD,"Conversion-optimised page sections | SaaS product pricing pages"
startup-hero,heroes,desc,6,34.5,2.92,0,0,1,GOOD,"Product launch and beta announcement pages | SaaS and startup product landing page hero"
product-hero,heroes,desc,6,38.3,2.92,0,0,1,GOOD,"Light-themed product pages and marketing sites | SaaS waitlist and early-access email collection pages"
app-hero,heroes,desc,6,39.2,2.92,0,0,1,GOOD,"Productivity, finance, and utility app landing pages | Mobile app download and installation landing pages"
agency-hero,heroes,desc,6,37.7,2.92,0,0,1,GOOD,"Premium SaaS or developer tool with editorial brand positioning | Creative agency, design studio, and branding firm homepages"
image-lightbox,modals,desc,6,38.3,2.92,0,0,1,GOOD,"Document and attachment preview overlays | Photography portfolios and image gallery pages"
bottom-sheet,modals,desc,6,40,2.92,0,0,1,GOOD,"Settings and preferences panels on mobile web apps | Mobile share sheets for social and copy-link actions"
leaderboard-table,tables,desc,6,40.2,2.92,0,0,1,GOOD,"Gaming and community platform high score tables | Learning platform and course completion leaderboards"
todo-widget,dashboards,desc,6,40.2,2.92,0,0,1,GOOD,"Personal and team dashboard task widgets | Sprint planning and daily standup task lists"
calendar-widget,dashboards,desc,6,42.7,2.92,0,0,1,GOOD,"Team availability and leave calendar overview widgets | Dashboard date context and event overview widget"
video-bg-hero,heroes,desc,6,38.8,2.92,0,0,1,GOOD,"Concert, event, and entertainment product landing pages | Premium brand, fashion, and luxury product campaigns"
drawer,modals,desc,6,44.8,2.92,0,0,1,GOOD,"Mobile navigation drawer for responsive web applications | Settings and preferences panel for desktop web apps"
countdown-timer,loaders,desc,6,41.3,2.92,0,0,1,GOOD,"Meeting and presentation countdown timers | Pomodoro technique productivity timer for focus sessions"
pagination-table,tables,desc,6,42.3,2.92,0,0,1,GOOD,"Order history and transaction list tables | User management and subscriber list tables in admin panels"
enterprise-pricing,pricing,desc,6,36.2,2.92,0,0,1,GOOD,"Study the enterprise pricing UI pattern and FAQ accordion | SaaS enterprise tier conversion and sales qualification"
date-picker,forms,desc,6,34.8,2.92,0,0,1,GOOD,"Project management task deadline pickers | Booking and reservation date selection forms"
donut-chart,charts,desc,6,36.8,2.92,0,0,1,GOOD,"User demographics and audience segment visualisations | Traffic source and marketing channel attribution dashboards"
sticky-header,navigation,desc,6,33,2.92,0,0,1,GOOD,"SaaS and product landing page navigation | Blog and content site reading progress indicator"
split-text,animations,desc,6,37.2,2.92,0,0,1,GOOD,"Onboarding flow step headlines with scroll triggers | Hero section headline animations on landing pages"
quantity-stepper,forms,desc,6,33.2,2.92,0,0,1,GOOD,"Booking and reservation quantity selection | E-commerce product page quantity selector"
notification-badge,buttons,desc,6,39.8,2.92,0,0,1,GOOD,"Gaming and social leaderboard achievement badges | App navigation and header notification counters"
toast-queue,modals,desc,6,37.2,2.92,0,0,1,GOOD,"System status and background job notifications | API call feedback and async operation results"
scroll-pin-story,scroll,desc,6,32.2,2.92,0,0,1,GOOD,"Product launch and portfolio hero sections | Travel, editorial, and long-form storytelling pages"
signature-pad,forms,desc,6,33.2,2.92,0,0,1,GOOD,"A foundation for richer drawing tools | Contract, agreement, and consent forms"
qr-code-generator,tools,desc,6,30.3,2.92,0,0,1,GOOD,"Learning to wire a focused CDN library into a live UI | Share pages, business cards, and contact widgets"
audio-waveform-visualizer,media,desc,6,31.3,2.92,0,0,1,GOOD,"Music and podcast player UI mockups | Audio-product and SaaS landing page hero sections"
scroll-spy-nav,navigation,desc,6,31.5,2.92,0,0,1,GOOD,"Long-form landing pages and product tours | Documentation and knowledge-base sidebars"
markdown-live-preview,forms,desc,6,31.5,2.92,0,0,1,GOOD,"Note-taking apps and README/comment editors | Documentation tools and internal wikis"
emoji-picker,forms,desc,6,33.2,2.92,0,0,1,GOOD,"Social media post composer emoji support | Chat app and messaging interface emoji insertion"
image-magnifier,media,desc,6,32,2.92,0,0,1,GOOD,"Map and floor plan detail viewer | E-commerce product detail page image zoom"
keyboard-shortcuts,modals,desc,6,30.2,2.92,0,0,1,GOOD,"Admin panel and dashboard keyboard navigation reference | Productivity app keyboard shortcut reference panel"
image-cropper,forms,desc,6,51,2.92,0,0,1,GOOD,"Profile photo and avatar upload cropper | In-browser image editor for CMS and content tools"
phone-input,forms,desc,6,40.3,2.92,0,0,1,GOOD,"Multi-step onboarding flow phone verification step | User registration and checkout forms requiring phone"
color-theme-switcher,buttons,desc,6,52.2,2.92,0,0,1,GOOD,"Portfolio and personal site accent color picker | SaaS dashboard user preferences panel"
onboarding-tour,modals,desc,6,41.8,2.92,0,0,1,GOOD,"Admin Panel & Settings Page Orientation | SaaS Product First-Run Onboarding"
bar-chart,charts,desc,6,43.7,2.92,0,0,1,GOOD,"Operations & Fulfillment Tracking | Website & App Analytics Dashboard"
gauge-chart,charts,desc,6,42.7,2.92,0,0,1,GOOD,"Lighthouse & Performance Scores | Server & Infrastructure Monitoring"
checkout-form,forms,text,6,19,2.92,0,0,1,GOOD,"Freelancer invoice payment | E-commerce product checkout"
settings-panel,layouts,desc,6,33,2.92,0,0,1,GOOD,"Developer tool or IDE settings/preferences panel | SaaS application user account settings page"
media-upload-grid,forms,desc,6,42.8,2.92,0,0,1,GOOD,"Support ticket attachment uploader | Product image upload for e-commerce listings"
cookie-preferences,modals,desc,6,37.8,2.92,0,0,1,GOOD,"E-commerce site cookie management for ad tracking | GDPR cookie consent for EU-targeted web apps"
bmi-calculator,tools,desc,6,42.3,2.92,0,0,1,GOOD,"Wellness landing page lead magnet | Health and fitness app onboarding metric"
terminal-window,cards,desc,6,41.2,2.92,0,0,1,GOOD,"Status and deployment visualisation | CLI tool and developer-product landing page"
boarding-pass,cards,desc,6,40.8,2.92,0,0,1,GOOD,"Travel and airline app digital boarding pass | Booking confirmation and itinerary email"
nps-survey,cards,desc,6,43.7,2.92,0,0,1,GOOD,"Quarterly relationship NPS programme | Post-feature or post-onboarding SaaS survey"
code-block-tabs,layouts,desc,6,46.2,2.92,0,0,1,GOOD,"Code review or diff viewer UI | Component library and API documentation"
maintenance-page,layouts,desc,6,45.2,2.92,0,0,1,GOOD,"Planned maintenance and deployment windows | Database migration or schema change window"
mega-footer,footers,desc,6,49.3,2.92,0,0,1,GOOD,"SaaS product and developer tool marketing site | E-commerce site with department navigation"
mention-autocomplete,forms,desc,6,45.7,2.92,0,0,1,GOOD,"Internal admin note and annotation systems | Team collaboration and project management comments"
favorite-button,buttons,text,6,20.3,2.92,0,0,1,GOOD,"Article and content bookmarking | Social feed reactions"
review-form,forms,text,6,19,2.92,0,0,1,GOOD,"App store and service ratings | Product review submission"
stock-urgency-bar,cards,text,6,18.5,2.92,0,0,1,GOOD,"Event and class registration | Flash sales and limited drops"
emoji-reaction-bar,buttons,text,6,17.5,2.92,0,0,1,GOOD,"Live events and streams | Social feeds and posts"
image-blur-up,loaders,text,6,17.7,2.92,0,0,1,GOOD,"Hero and banner images | Media-heavy article pages"
story-progress-bars,mobile,text,6,18.7,2.92,0,0,1,GOOD,"Event and recap highlights | Social story viewers"
pricing-feature-table,pricing,text,6,25.5,2.92,0,0,1,GOOD,"Accessible plan comparison | Detail section under pricing cards"
three-particle-wave,animations,desc,6,17.2,2.92,0,0,1,GOOD,"Game and app loading screens | Landing page hero backgrounds"
three-instanced-cube-wave,animations,desc,6,18.2,2.92,0,0,1,GOOD,"Loading and menu backgrounds | Data-visualization backgrounds"
three-scroll-portal-gate,scroll,desc,6,20,2.92,0,0,1,GOOD,"Event countdown and reveal pages | Product launch and chapter-based landing pages"
three-scroll-fabric-ripple,scroll,desc,6,17.8,2.92,0,0,1,GOOD,"Product and brand banners | Fashion and textile sites"
three-scroll-staircase-climb,scroll,desc,6,21,2.92,0,0,1,GOOD,"Architecture and interiors portfolios | Narrative ""ascent"" storytelling"
three-scroll-ocean-dive,scroll,desc,6,21,2.92,0,0,1,GOOD,"Product reveals with a ""deep dive"" metaphor | Ocean, diving, and marine-conservation sites"
three-scroll-exploded-view,scroll,desc,6,20.2,2.92,0,0,1,GOOD,"Hardware and gadget product pages | SaaS architecture storytelling"
three-scroll-book-pages,scroll,desc,6,18.3,2.92,0,0,1,GOOD,"Wedding, event, and memory pages | Publishing, author, and bookstore sites"
three-scroll-rocket-launch,scroll,desc,6,18.7,2.92,0,0,1,GOOD,"Startup ""launch"" landing pages | Aerospace and launch-provider sites"
three-scroll-domino-run,scroll,desc,6,19,2.92,0,0,1,GOOD,"Process and pipeline visualizations | Cause-and-effect product stories"
three-scroll-bridge-build,scroll,desc,6,20,2.92,0,0,1,GOOD,"Roadmap and milestone reveals | Onboarding and migration journeys"
ai-agent-steps,dashboards,desc,6,72.3,2.92,0,0,1,GOOD,"Landing-page demos that show an AI product ""working"" | Trace view for a production AI agent or copilot"
ai-source-citations,layouts,desc,6,71.2,2.92,0,0,1,GOOD,"E-commerce and review aggregation with claim provenance | Answer rendering for RAG products and AI search engines"
signup-form,forms,desc,6,72.5,2.92,0,0,1,GOOD,"Teaching form state machines | SaaS registration pages and trial funnels"
live-vote-bar-race,charts,desc,6,31.3,2.92,0,0,1,GOOD,"Design system reference for animated ranked lists | Live polls, elections, and audience voting displays"
achievement-unlock-toast,modals,desc,6,35.2,2.92,0,0,1,GOOD,"Multi-step form and onboarding completion celebrations | In-browser game achievement and milestone systems"
cascade-layers-explainer,visualizers,desc,6,45,2.92,0,0,1,GOOD,"Resolving conflicts between Tailwind and custom CSS | Design system and component library override contracts"
css-aspect-ratio-playground,visualizers,desc,6,45.8,2.92,0,0,1,GOOD,"Prototyping embed dimensions before shipping a video player | Building responsive video and image galleries without layout shift"
css-backdrop-filter-playground,visualizers,desc,6,46.5,2.92,0,0,1,GOOD,"Auditing accessibility and legibility of glass UI over photos | Designing a frosted-glass navigation bar or modal"
ai-confidence-badge,cards,desc,6,58.2,2.92,0,0,1,GOOD,"Teaching the AI-transparency pattern in product and design systems | AI-assisted document processing and data extraction dashboards"
trust-badge-strip,cards,desc,6,47.7,2.92,0,0,1,GOOD,"A/B testing which trust signals actually move conversion | Reducing cart and checkout abandonment on ecommerce payment pages"
ghost-text-autocomplete-input,forms,desc,6,51.3,2.92,0,0,1,GOOD,"Command palettes and search bars with predictive completion | AI-assisted email and chat composers"
pricing-currency-switcher,pricing,desc,6,39.8,2.92,0,0,1,GOOD,"A/B testing localized pricing presentation | International SaaS and subscription pricing pages"
achievement-badge-grid,cards,desc,6,45.5,2.92,0,0,1,GOOD,"Learning platform course and skill completion tracker | Gamified onboarding and feature-adoption checklist"
blackjack-card-game,games,desc,6,47.5,2.92,0,0,1,GOOD,"Teaching state machines and conditional recalculation logic | Portfolio piece demonstrating card-game rules engines"
word-search-puzzle,games,desc,6,54,2.92,0,0,1,GOOD,"Classroom vocabulary and spelling reinforcement activity | Print-and-play or digital puzzle-book feature"
color-sort-puzzle,games,desc,6,49.2,2.92,0,0,1,GOOD,"Teaching stack data structures with a tangible, visual example | Casual mobile-style puzzle embedded in a web product"
flexbox-align-game,games,desc,6,37.8,2.92,0,0,1,GOOD,"Interactive documentation for a layout or design system | Teaching flexbox in a course, workshop, or internal onboarding"
sorting-swap-puzzle-game,games,desc,6,38,2.92,0,0,1,GOOD,"Algorithm interview preparation | Teaching sorting, permutations and lower bounds"
independence-day-flag-hoist,scroll,desc,6,42.7,2.92,0,0,1,GOOD,"Festive homepage takeover for an Indian brand or product | Independence Day or Republic Day campaign landing page"
table-column-resize,tables,desc,6,34.3,2.92,0,0,1,GOOD,"Design-system table component groundwork | Admin panels and internal data tables"
log-viewer-stream,dashboards,desc,6,32.2,2.92,0,0,1,GOOD,"Live tail views in an observability tool | Deployment and build log output"
tree-view-file-explorer,navigation,desc,6,31.7,2.92,0,0,1,GOOD,"Folder pickers in upload and export dialogs | File browsers in web IDEs and code viewers"
app-download-footer,footers,desc,6,24.5,2.92,0,0,1,GOOD,"Blog posts and content marketing pages | Mobile-first product marketing sites"
aurora-gradient-footer,footers,desc,6,23.8,2.92,0,0,1,GOOD,"Product launch and landing pages | SaaS and AI product marketing sites"
status-bar-footer,footers,desc,6,26.8,2.92,0,0,1,GOOD,"Developer tools and infrastructure products | API and platform provider sites"
lane-runner-game,games,desc,6,26.8,2.92,0,0,1,GOOD,"Canvas motion and parallax reference | Discrete-tap touch control template"
error-500-page,layouts,desc,6,19.7,2.92,0,0,1,GOOD,"Learn to build inline SVG illustrations | Custom 500 error pages"
recent-purchase-notification-popup,modals,desc,6,20.3,2.92,0,0,1,GOOD,"Match your storefront's visual style | E-commerce social proof"
hero-image-feature-checklist,heroes,desc,6,18.3,2.92,0,0,1,GOOD,"SaaS product landing pages | B2B feature comparison heroes"
char-flip-reveal-3d,animations,desc,6,23.5,2.92,0,0,1,GOOD,"Product launch and announcement pages | Portfolio and agency hero headlines"
word-spring-bounce-heading,animations,desc,6,23.3,2.92,0,0,1,GOOD,"Playful product and app landing pages | Onboarding and empty-state headlines"
number-word-morph-counter,animations,desc,6,24.7,2.92,0,0,1,GOOD,"Onboarding milestone celebrations | Landing page trust and social-proof stats"
svg-liquid-text-wave,animations,desc,6,24.3,2.92,0,0,1,GOOD,"Art direction and experimental portfolio hero text | Aquatic, organic, and beverage brand headlines"
svg-mask-sweep-text-reveal,animations,desc,6,24.8,2.92,0,0,1,GOOD,"Product feature spotlight callouts | Hero headline reveal on page load"
filter-icon-active-state-morph,animations,desc,6,21.3,2.92,0,0,1,GOOD,"E-commerce filter bars | Data table and dashboard filters"
inbox-row-expand-flip-detail,animations,desc,6,20.8,2.92,0,0,1,GOOD,"Order/ticket list to detail view | Email and messaging inboxes"
vanilla-svg-path-morph-icons,animations,desc,6,19.2,2.92,0,0,1,GOOD,"Playful icon pickers and mood/rating selectors | Learn SVG path interpolation from scratch"
locker-pickup-code-card,cards,desc,6,22.8,2.92,0,0,1,GOOD,"Delivery and parcel locker apps | Grocery and click-and-collect pickup"
insurance-claim-status-card,cards,desc,6,22.8,2.92,0,0,1,GOOD,"Claims adjuster internal dashboards | Insurance customer self-service portals"
reveal-on-scroll,scroll,desc,6,23.7,3,0,0,0,GOOD,"Landing page section reveals | Feature card grid stagger animation"
chat-ui,layouts,desc,6,20.3,3,0,0,0,GOOD,"Customer support chat widget | AI chatbot interface"
context-menu,navigation,desc,6,57.5,3,0,0,0,GOOD,"File manager and document editor right-click actions | Data table and spreadsheet grid row actions"
copy-button,buttons,desc,6,60.5,3,0,0,0,GOOD,"Code snippet viewers and documentation sites | API key, token, and credential displays"
credit-card-input,forms,desc,6,62.7,3,0,0,0,GOOD,"E-commerce checkout and payment forms | SaaS subscription and billing information pages"
breathing-animation,loaders,desc,6,55.8,3,0,0,0,GOOD,"Wellness and mindfulness app breathing exercises | Anxiety and panic attack reduction tools"
usage-calculator,pricing,desc,6,39,3,0,0,0,GOOD,"Usage-based and metered SaaS pricing pages | Developer tool and API product landing pages"
upgrade-banner,pricing,desc,6,34.7,3,0,0,0,GOOD,"Persistent freemium upgrade awareness banner | Feature-level paywall gate for premium functionality"
dots-loader,loaders,desc,6,38.3,3,0,0,0,GOOD,"Form submission and async operation feedback | Chat typing indicators and real-time presence"
line-chart-widget,charts,desc,6,44,3,0,0,0,GOOD,"SaaS revenue and MRR dashboard widgets | Analytics overview and traffic chart widgets"
loading-overlay,loaders,desc,6,35.7,3,0,0,0,GOOD,"API call and data fetch loading states | File upload and form submission feedback"
upload-progress,loaders,desc,6,40,3,0,0,0,GOOD,"Multi-file document and image upload interfaces | Form attachment upload for support tickets and applications"
gantt-table,tables,desc,6,36.8,3,0,0,0,GOOD,"Product roadmap and quarterly planning charts | Sprint and project timeline dashboards"
money-back-guarantee,pricing,desc,6,36.8,3,0,0,0,GOOD,"Pricing page risk reduction and conversion optimisation | E-commerce and subscription checkout risk removal"
read-more,layouts,desc,6,34.3,3,0,0,0,GOOD,"Product description expand on e-commerce pages | Blog post excerpts and article cards"
scroll-to-top,scroll,desc,6,33.8,3,0,0,0,GOOD,"Long-form content pages and blog posts | Single-page landing pages with multiple sections"
skeleton-dashboard,loaders,desc,6,37,3,0,0,0,GOOD,"Analytics and metrics dashboard initial load state | Admin panel and CRM dashboard loading"
scratch-card-reveal,animations,desc,6,31.5,3,0,0,0,GOOD,"Loyalty and rewards promos | Email and landing-page campaigns"
drag-resize-panels,layouts,desc,6,32,3,0,0,0,GOOD,"Code editors, IDEs, and live-preview tools | Admin dashboards and multi-pane workspaces"
confetti-celebration-card,cards,desc,6,29.5,3,0,0,0,GOOD,"Achievement, milestone, and goal-completion screens | Onboarding completion and first-success moments"
time-picker,forms,desc,6,70.8,3,0,0,0,GOOD,"Appointment scheduling and booking time selection | Calendar event creation and editing panels"
rich-text-editor,forms,desc,6,43.3,3,0,0,0,GOOD,"Comment and feedback forms with basic formatting | Note-taking and document editor in web apps"
gdpr-consent-manager,modals,desc,6,76.3,3,0,0,0,GOOD,"GDPR and ePrivacy compliant consent collection for EU websites | Consent-gated analytics and ad script activation"
date-range-picker,forms,desc,6,37.3,3,0,0,0,GOOD,"Analytics & Reporting Date Filters | Booking & Reservation Interfaces"
activity-heatmap,charts,desc,6,37,3,0,0,0,GOOD,"Developer Portfolio Contribution Graph | Habit Tracker & Streak Visualization"
infinite-scroll,layouts,desc,6,41.8,3,0,0,0,GOOD,"News Feed & Article Listing Pages | Photo Gallery & Image Grid Lazy Loading"
ai-chat-interface,layouts,desc,6,39.2,3,0,0,0,GOOD,"AI Assistant & Chatbot UI Template | Customer Support & Help Chat Widget"
glassmorphism-login,forms,desc,6,38.5,3,0,0,0,GOOD,"Premium SaaS & App Login Pages | Marketing Landing Page Auth Flow"
mini-cart,cards,desc,6,36.7,3,0,0,0,GOOD,"E-commerce cart flyout on product listing pages | SaaS subscription plan add-on selector summary"
world-clock,dashboards,desc,6,41.2,3,0,0,0,GOOD,"Remote team dashboard and meeting planner sidebar | Global status page timezone reference panel"
interest-selector,forms,desc,6,39.3,3,0,0,0,GOOD,"Onboarding flow topic preference step | Newsletter preference centre category selection"
mortgage-calculator,tools,desc,6,44.7,3,0,0,0,GOOD,"Real estate listing site affordability widget | Lender and broker lead-generation landing page"
pomodoro-timer,tools,desc,6,39.2,3,0,0,0,GOOD,"Productivity and focus web app core timer | Study and exam-prep companion tool"
stopwatch,tools,desc,6,44.3,3,0,0,0,GOOD,"Sports and interval-training timing app | Productivity and time-tracking utility"
auth-login-card,forms,desc,6,44.5,3,0,0,0,GOOD,"SaaS and web application authentication | Modal-based login flow"
product-roadmap,dashboards,desc,6,47.3,3,0,0,0,GOOD,"Public SaaS product roadmap page | Embed in an in-app feedback hub"
faceted-filter-sidebar,forms,text,6,21.8,3,0,0,0,GOOD,"E-commerce category pages | Marketplace and listing search"
order-summary,cards,text,6,21,3,0,0,0,GOOD,"Checkout page summary | Cart drawer and mini cart"
variant-selector,forms,text,6,19.7,3,0,0,0,GOOD,"Apparel and footwear pages | Configurable electronics"
order-tracking-timeline,cards,text,6,19.8,3,0,0,0,GOOD,"E-commerce shipment tracking | Food and grocery delivery"
coverflow-carousel,carousels,text,6,17.5,3,0,0,0,GOOD,"Product and album showcases | Portfolio and project galleries"
gradient-button,buttons,desc,6,22.2,3,0,0,0,GOOD,"Primary call-to-action buttons | Pricing and upgrade CTAs"
cta-banner,heroes,desc,6,19.5,3,0,0,0,GOOD,"Landing page final CTA | Newsletter & waitlist capture"
free-shipping-bar,dashboards,text,6,18.5,3,0,0,0,GOOD,"Cart page upsell | Slide-out mini cart"
scroll-curtain-reveal,scroll,text,5,27,3,0,0,0,GOOD,"Dramatic section transitions | Product or brand reveal"
lottie-scroll-scrub,scroll,desc,6,24.2,3,0,0,0,GOOD,"Scroll-to-complete progress | Product and feature reveals"
three-scroll-planet-approach,scroll,desc,6,19.5,3,0,0,0,GOOD,"Space and aerospace landing pages | Sci-fi game and metaverse promos"
three-scroll-voxel-build,scroll,desc,6,21.7,3,0,0,0,GOOD,"Construction and real-estate landing pages | Voxel and sandbox game promos"
three-scroll-pendulum-wave,scroll,desc,6,18.7,3,0,0,0,GOOD,"Physics teaching and STEM outreach pages | Science museum and planetarium sites"
three-scroll-tornado-vortex,scroll,desc,6,20.2,3,0,0,0,GOOD,"Weather and climate-tech products | Disaster and survival game promos"
three-scroll-moon-phases,scroll,desc,6,19.2,3,0,0,0,GOOD,"Astronomy apps and observatory sites | Wellness, sleep, and cycle-tracking brands"
three-scroll-asteroid-belt,scroll,desc,6,18.8,3,0,0,0,GOOD,"Space shooter and racer promos | ""Navigating complexity"" B2B narratives"
ai-streaming-response,layouts,desc,6,69.5,3,0,0,0,GOOD,"Frontend for a ChatGPT-style assistant built on the OpenAI or Claude API | Perceived-performance upgrade for any slow API response"
ai-model-selector,forms,desc,6,68.5,3,0,0,0,GOOD,"Model switcher for AI chat apps and API playgrounds | Any rich-option select that a native dropdown cannot render"
ai-image-generator-ui,layouts,desc,6,68.8,3,0,0,0,GOOD,"Front end for a real text-to-image product | Landing pages and pitch demos that never hit an API"
view-transitions-gallery,animations,desc,6,72.7,3,0,0,0,GOOD,"Product grids morphing into product detail pages | Photo galleries, portfolios, and media libraries"
container-query-card,cards,desc,6,81,3,0,0,0,GOOD,"Design-system cards that work in any slot | E-commerce category grids with responsive tracks"
anchor-positioning-menu,navigation,desc,6,74.3,3,0,0,0,GOOD,"Replacing Popper/Floating UI in app toolbars and headers | Menus inside scroll containers and data tables"
code-diff-viewer,layouts,desc,6,74.2,3,0,0,0,GOOD,"AI code-review and coding-assistant products | Version history for documents, configs, and CMS content"
block-editor,forms,desc,6,75,3,0,0,0,GOOD,"Notes, docs, and knowledge-base features inside your product | Structured content entry for CMSs and page builders"
ai-sidebar,layouts,desc,6,66.8,3,0,0,0,GOOD,"In-app copilot for SaaS products | Document and report Q&A (the demo's own scenario)"
cursor-text,animations,desc,6,64.8,3,0,0,0,GOOD,"Agency portfolios and case-study grids | Horizontal galleries and carousels that need ""Drag"" affordance"
noise-background,animations,desc,6,68,3,0,0,0,GOOD,"Landing-page heroes with the current ""textured gradient"" look | Photography treatments and portfolio moods"
dashboard-widget-grid,dashboards,desc,6,73.3,3,0,0,0,GOOD,"Customisable SaaS dashboards and admin homes | Internal tools and ops consoles ranked by attention"
week-view-scheduler,dashboards,desc,6,72.5,3,0,0,0,GOOD,"Scheduling features inside SaaS products | Calendar clones and personal planners"
csv-import-mapper,forms,desc,6,72.2,3,0,0,0,GOOD,"Customer data onboarding in B2B SaaS | Any external-schema-to-internal-schema bridge"
live-code-playground,layouts,desc,6,67.5,3,0,0,0,GOOD,"Runnable examples in documentation and component libraries | Coding courses, tutorials, and classroom exercises"
flashcard-deck,cards,desc,6,67.3,3,0,0,0,GOOD,"Language apps, exam prep, and course platforms | Onboarding and product-training decks in SaaS"
link-in-bio,layouts,desc,6,71.7,3,0,0,0,GOOD,"Your actual Linktree replacement | Client work: bio pages as a productised service"
sorting-algorithm-visualizer,visualizers,desc,5,44.2,3,0,0,0,GOOD,"Teaching algorithm complexity in a classroom or bootcamp | Technical interview prep and algorithm self-study"
pathfinding-grid-visualizer,visualizers,desc,5,34.2,3,0,0,0,GOOD,"Teaching graph search and shortest-path algorithms | Interview preparation for graph traversal questions"
binary-search-visualizer,visualizers,desc,5,34.6,3,0,0,0,GOOD,"Teaching binary search and O(log n) complexity | Interview preparation for binary search edge cases"
recursion-tree-visualizer,visualizers,desc,5,36,3,0,0,0,GOOD,"Teaching recursion and Big-O complexity concretely | Interview preparation for dynamic programming questions"
liquid-glass-navbar,navigation,desc,6,30.3,3,0,0,0,GOOD,"iOS/macOS-style app shells and dashboards | Marketing and product landing page headers"
ai-code-typing-preview,animations,desc,6,28.5,3,0,0,0,GOOD,"AI coding tool and IDE-plugin landing pages | Product onboarding and empty-state illustrations"
elastic-drag-slider,forms,desc,6,26.8,3,0,0,0,GOOD,"Volume, brightness, and playback controls | Mobile-first settings and preference panels"
file-tree-explorer,navigation,desc,5,27,3,0,0,0,GOOD,"In-browser code editor and IDE sidebars | File manager and cloud storage UIs"
live-caption-overlay,media,desc,5,28.8,3,0,0,0,GOOD,"Video call and conferencing caption bars | Livestream and video accessibility overlays"
memory-match-game,games,desc,5,28.6,3,0,0,0,GOOD,"Kids' learning apps and educational games | Marketing mini-games and engagement widgets"
voice-message-bubble,mobile,desc,5,30.8,3,0,0,0,GOOD,"Chat application voice note UI | Podcast or voicemail preview cards"
control-center-panel,mobile,desc,5,30.6,3,0,0,0,GOOD,"Mobile web app quick-settings panels | iOS-style design system component reference"
live-edit-presence,cards,desc,5,31,3,0,0,0,GOOD,"Collaborative document and wiki editor UI | Team activity and audit-trail visualizations"
live-log-stream-panel,dashboards,desc,5,29.8,3,0,0,0,GOOD,"Server, application, or CI/CD build log viewers | Live monitoring and observability dashboards"
event-loop-visualizer,visualizers,desc,6,40.3,3,0,0,0,GOOD,"Teaching the JavaScript event loop concretely | Interview preparation for async JavaScript questions"
stack-queue-visualizer,visualizers,desc,5,36,3,0,0,0,GOOD,"Teaching LIFO vs FIFO to students or new engineers | Interview preparation for data structure fundamentals"
binary-search-tree-visualizer,visualizers,desc,6,35.5,3,0,0,0,GOOD,"Teaching binary search trees and the BST invariant | Interview preparation for tree traversal and BST questions"
hash-table-visualizer,visualizers,desc,6,37.5,3,0,0,0,GOOD,"Teaching hash tables, collisions, and load factor | Interview preparation for hash map design questions"
css-box-model-inspector,visualizers,desc,5,34,3,0,0,0,GOOD,"Teaching the CSS box model in a course or workshop | Debugging an unexpected element size in a real layout"
flexbox-alignment-visualizer,visualizers,desc,5,32.8,3,0,0,0,GOOD,"Teaching flexbox alignment in a course or workshop | Debugging a real flex layout before touching production CSS"
stacking-context-visualizer,visualizers,desc,5,36.6,3,0,0,0,GOOD,"Teaching z-index and stacking contexts in a CSS course | Debugging a real z-index bug before touching production CSS"
event-bubbling-visualizer,visualizers,desc,5,34.8,3,0,0,0,GOOD,"Teaching the DOM event model in a JavaScript course | Debugging an event handler that fires unexpectedly or not at all"
trie-autocomplete-visualizer,visualizers,desc,5,46.6,3,0,0,0,GOOD,"Search box and command palette autocomplete | Teaching data structures and algorithmic complexity"
token-bucket-rate-limiter-visualizer,visualizers,desc,5,40.2,3,0,0,0,GOOD,"Explaining API rate-limit design to a team or in documentation | System design interview preparation"
consistent-hashing-visualizer,visualizers,desc,5,42.4,3,0,0,0,GOOD,"System design interview preparation for caching and sharding questions | Capacity planning and scaling-impact dashboards"
websocket-vs-polling-visualizer,visualizers,desc,5,38.2,3,0,0,0,GOOD,"Explaining real-time architecture choices to a team | Teaching networking fundamentals and real-time web concepts"
reconnect-backoff-visualizer,visualizers,desc,6,28.2,3,0,0,0,GOOD,"WebSocket and real-time app reconnection logic | API client retry logic for flaky network requests"
picture-in-picture-video-card,media,desc,5,26,3,0,0,0,GOOD,"Video call and conferencing mini-player UI | Streaming and media players with a floating ""keep watching"" mode"
swipe-tab-switcher,mobile,desc,5,28.8,3,0,0,0,GOOD,"Social profile and timeline tab navigation | Mobile app section switchers"
collaborator-presence-bar,cards,desc,5,29.8,3,0,0,0,GOOD,"Real-time document and design tool presence | Team chat and workspace online indicators"
debounce-throttle-visualizer,visualizers,desc,5,35.4,3,0,0,0,GOOD,"Search-as-you-type and autocomplete inputs | Scroll and resize event handlers"
css-has-selector-playground,visualizers,desc,6,45.3,3,0,0,0,GOOD,"Pricing and plan-selection cards with zero JS state | Aggregate validity banners on multi-field forms"
css-subgrid-demo,visualizers,desc,6,49.2,3,0,0,0,GOOD,"Product and pricing card grids with aligned internal rows | Dashboard tiles with consistent internal structure"
css-nesting-playground,visualizers,desc,6,38.7,3,0,0,0,GOOD,"Dropping Sass or PostCSS nesting plugins from a build pipeline | Component-scoped styling without CSS-in-JS runtime cost"
color-mix-playground,visualizers,desc,6,44.5,3,0,0,0,GOOD,"Generating hover, active, and disabled tints from one brand color | Live theme and accent-color pickers"
css-trig-functions-lab,visualizers,desc,6,45,3,0,0,0,GOOD,"Orbiting notification badges and avatar rings | Circular and radial navigation menus"
text-wrap-balance-demo,visualizers,desc,6,48.5,3,0,0,0,GOOD,"Marketing hero and landing page headlines | CMS and user-generated headline rendering"
native-popover-api-demo,modals,desc,6,45.8,3,0,0,0,GOOD,"Dropdown menus and action menus without a component library | Hover and focus tooltips with manual control"
native-dialog-showcase,modals,desc,6,44.3,3,0,0,0,GOOD,"Destructive action confirmations | Non-blocking notification and comment popups"
scroll-timeline-explainer,scroll,desc,6,47.3,3,0,0,0,GOOD,"Reading-progress bars for articles and long-form content | Scroll-reveal effects for marketing and landing pages"
css-container-query-units-demo,visualizers,desc,6,54.3,3,0,0,0,GOOD,"Self-scaling product/profile cards across layout contexts | Dashboard widgets that get resized or dragged by users"
web-animations-api-playground,visualizers,desc,6,48.5,3,0,0,0,GOOD,"Interruptible drag-to-dismiss and swipe gestures | Multi-step onboarding or product-tour sequences"
css-grid-template-areas-visualizer,visualizers,desc,6,52.8,3,0,0,0,GOOD,"Teaching CSS Grid named areas to developers new to Grid | Prototyping a responsive dashboard or app shell layout"
raf-fps-meter,visualizers,desc,5,51.2,3,0,0,0,GOOD,"Teaching how requestAnimationFrame timestamps and delta timing work | Diagnosing why an animation feels janky in a real app"
css-clamp-responsive-type-demo,visualizers,desc,6,50.5,3,0,0,0,GOOD,"Designing a heading scale without hand-picking per-breakpoint sizes | Teaching why raw vw units alone are dangerous for typography"
css-oklch-color-picker,forms,desc,6,55,3,0,0,0,GOOD,"Building a perceptually consistent brand color ramp | Prototyping accent colors before committing to a theme"
focus-visible-demo,visualizers,desc,6,47.8,3,0,0,0,GOOD,"Teaching accessibility fundamentals to a frontend team | Auditing an existing design system's focus styles"
prefers-reduced-motion-toggle-demo,visualizers,desc,6,54.7,3,0,0,0,GOOD,"Teaching accessibility teams the difference between detection and simulation | Auditing a site's existing animations for prefers-reduced-motion coverage"
brutalist-press-button,buttons,desc,6,52.8,3,0,0,0,GOOD,"Ecommerce buy and add-to-cart buttons that beg to be clicked | Bold marketing and landing page CTAs"
ai-review-summary-card,cards,desc,6,47.3,3,0,0,0,GOOD,"Ecommerce product pages summarizing hundreds of customer reviews | Marketplace and travel booking listing aggregation"
wallet-connect-button,buttons,desc,6,42.7,3,0,0,0,GOOD,"dApp landing pages and NFT marketplace headers | Multi-wallet onboarding flows for crypto-native products"
session-timeout-modal,modals,desc,6,44.7,3,0,0,0,GOOD,"Banking, healthcare, and admin portals with security-mandated timeouts | SaaS dashboards protecting shared or kiosk-mode devices"
skip-to-content-link,navigation,desc,6,62.2,3,0,0,0,GOOD,"Fixing a ""fake"" skip link that never appears on Tab | Baseline accessibility requirement for marketing sites and web apps"
text-size-adjuster,forms,desc,6,56,3,0,0,0,GOOD,"News, blog, and long-form content sites | Independent of and complementary to browser zoom"
reading-mode-toggle,buttons,desc,6,53.7,3,0,0,0,GOOD,"News and publisher sites with sidebar-heavy article templates | Documentation and knowledge-base long-form guides"
ai-action-approval-card,cards,desc,6,58.5,3,0,0,0,GOOD,"Email, messaging, and outbound-communication agents | File management and destructive-operation agents"
ai-generating-loader,loaders,desc,6,55,3,0,0,0,GOOD,"Chat assistants and AI writing tools waiting on a response | AI image and media generation with longer wait times"
alert-feed-panel,dashboards,desc,6,45,3,0,0,0,GOOD,"Internal ops dashboards and admin panels | Incident response and on-call consoles"
keyboard-nav-rail,navigation,desc,6,44.7,3,0,0,0,GOOD,"SaaS dashboard primary navigation | Enterprise software accessibility conformance"
focus-status-toggle,forms,desc,6,42.8,3,0,0,0,GOOD,"Collaboration tool presence and notification controls | Deep-work and productivity app status signaling"
text-selection-annotation,cards,desc,6,48.7,3,0,0,0,GOOD,"Document and knowledge-base collaborative review | Reading and study tools with highlight-to-save"
skill-tree-progress-map,dashboards,desc,6,60.7,3,0,0,0,GOOD,"Onboarding checklists with sequential dependencies | Course curricula and certification learning paths"
xp-level-progress-bar,loaders,desc,5,59,3,0,0,0,GOOD,"Gamified onboarding and profile-completion progress | Learning platforms and quiz/course completion rewards"
particle-explosion-button,buttons,desc,5,53.4,3,0,0,0,GOOD,"Celebratory confirmation on form submit or checkout buttons | Gamified reward and achievement-unlock moments"
liquid-swipe-transition,animations,desc,5,59.6,3,0,0,0,GOOD,"Mobile app onboarding flows and welcome screen sequences | Landing page hero-to-content section reveals"
slash-command-menu,forms,desc,5,53.8,3,0,0,0,GOOD,"Block-based content editors and internal CMS tools | Chat and messaging apps with rich composer commands"
delivery-route-tracker,dashboards,desc,6,53.2,3,0,0,0,GOOD,"Food delivery and courier app order-tracking screen | Logistics and fleet dashboard status card"
typing-speed-test,games,desc,6,45.2,3,0,0,0,GOOD,"Standalone typing speed test tool or landing page feature | Onboarding assessment for data-entry or transcription roles"
reaction-time-tester,games,desc,6,45.3,3,0,0,0,GOOD,"Standalone reflex-test game or app store style mini-game | Psychology or human factors research demonstration"
simon-sequence-game,games,desc,6,44,3,0,0,0,GOOD,"Standalone memory game or arcade-style mini-game feature | Cognitive training and working-memory practice tool"
whack-a-mole-game,games,desc,6,53.5,3,0,0,0,GOOD,"Reflex-training mini-game for a game portal or landing page | Teaching example for coordinating multiple JavaScript timers"
sliding-puzzle-game,games,desc,6,46.3,3,0,0,0,GOOD,"Teaching example for permutation parity and correct shuffle algorithms | Standalone brain-teaser widget for a games or puzzles page"
tic-tac-toe-game,games,desc,6,42.5,3,0,0,0,GOOD,"Teaching example for rule-based heuristic AI vs. minimax | Standalone single-player game widget for a portfolio or games page"
word-guess-game,games,desc,6,46.7,3,0,0,0,GOOD,"Branded daily word game for a product or marketing site | Teaching example for the classic duplicate-letter scoring bug"
morse-code-translator,tools,desc,6,50.2,3,0,0,0,GOOD,"Educational tool for learning Morse code timing and structure | Reference implementation for Web Audio API oscillator tone generation"
virtual-piano-keys,media,desc,5,49.2,3,0,0,0,GOOD,"Teaching the Web Audio API node graph with a tangible result | Embeddable music education or ear-training widget"
bubble-wrap-popper,games,desc,5,43.6,3,0,0,0,GOOD,"A genuinely fun micro-break widget on a busy dashboard | Teaching layered box-shadow and radial-gradient for fake 3D surfaces"
rock-paper-scissors-game,games,desc,5,44.4,3,0,0,0,GOOD,"A quick single-player mini-game for a waiting room or loading screen | A teaching example for lookup-table game logic"
hex-color-guess-game,games,desc,5,46.6,3,0,0,0,GOOD,"Practicing hex-to-RGB literacy for front-end developers | A bite-sized quiz widget for a design-tools or CSS learning site"
number-guessing-game,games,desc,5,53.6,3,0,0,0,GOOD,"Teaching binary search as a playable, intuitive exercise | Practicing robust numeric form input validation"
connect-four-game,games,desc,6,49,3,0,0,0,GOOD,"Casual single-player board game for a portfolio or arcade section | Teaching 2D array game state and grid-based win detection"
hangman-word-game,games,desc,6,44.5,3,0,0,0,GOOD,"Vocabulary and spelling practice for classrooms or language apps | Casual mini-game for a portfolio, waiting screen, or 404 page"
snake-game,games,desc,6,44,3,0,0,0,GOOD,"Retro arcade section on a portfolio or personal site | Teaching fixed-tick game loops versus requestAnimationFrame"
pong-game,games,desc,6,45.8,3,0,0,0,GOOD,"Retro arcade mini-game for a portfolio or landing page | Teaching realistic 2D bounce physics and beatable AI design"
breakout-brick-game,games,desc,6,43.7,3,0,0,0,GOOD,"Retro arcade section for a portfolio or product site | Teaching AABB collision and face-of-impact detection"
minesweeper-game,games,desc,6,51.7,3,0,0,0,GOOD,"Teaching flood-fill and graph traversal concepts | Portfolio and coding-interview showpiece"
tile-merge-2048-game,games,desc,6,44.8,3,0,0,0,GOOD,"Teaching array-reduction and 1D-line abstraction techniques | Portfolio piece demonstrating edge-case-aware game logic"
flap-dodge-game,games,desc,6,44.8,3,0,0,0,GOOD,"Teaching delta-time game physics and canvas fundamentals | Portfolio piece demonstrating canvas game-loop architecture"
rhythm-tap-game,games,desc,6,53.7,3,0,0,0,GOOD,"Teaching timing-window and nearest-match input judging | Portfolio piece demonstrating multi-lane real-time input handling"
word-unscramble-game,games,desc,6,57.7,3,0,0,0,GOOD,"Vocabulary and spelling practice for language learning apps | Daily mini-game or engagement feature on a content site"
quick-math-game,games,desc,6,52.7,3,0,0,0,GOOD,"Mental maths practice tool for students and classrooms | Waiting-room or loading-screen engagement game"
maze-runner-game,games,desc,6,50.8,3,0,0,0,GOOD,"Teaching procedural generation and graph theory concepts | Loading-screen or 404-page interactive filler"
dodge-the-blocks-game,games,desc,6,48.8,3,0,0,0,GOOD,"Reflex and reaction-time casual game for entertainment sites | Mobile-friendly touch-drag interaction showcase"
loot-box-reveal,animations,desc,6,54,3,0,0,0,GOOD,"Daily login reward or achievement unlock screens | Teaching weighted random selection and cumulative distributions"
battleship-game,games,desc,6,44.7,3,0,0,0,GOOD,"Lightweight embedded arcade game for a web product | Teaching constrained random placement and retry-on-failure logic"
click-speed-test,games,desc,6,45.8,3,0,0,0,GOOD,"Standalone CPS test tool or gaming-community feature | Teaching accurate JavaScript timing without setInterval drift"
mini-sudoku-game,games,desc,6,50.2,3,0,0,0,GOOD,"Teaching backtracking algorithms with a genuinely solvable demo | Daily mini-puzzle feature for a web app or newsletter"
css-selector-challenge-game,games,desc,6,40.7,3,0,0,0,GOOD,"Teaching CSS selectors in a bootcamp or course module | Interactive documentation for a design system or component library"
regex-match-game,games,desc,6,39.8,3,0,0,0,GOOD,"Teaching regular expressions in a course or team workshop | Interactive docs for a product with user-authored patterns"
binary-bit-flip-game,games,desc,6,37.7,3,0,0,0,GOOD,"Teaching binary and place value in a CS fundamentals course | Explaining bitwise operators and flag masks in documentation"
code-output-quiz-game,games,desc,6,35.5,3,0,0,0,GOOD,"JavaScript teaching, onboarding, or interview preparation | Documentation sidebars for language or API gotchas"
social-magnet-footer,footers,desc,6,22.7,3,0,0,0,GOOD,"Creative portfolio and agency footers | SaaS and product marketing sites"
marquee-footer,footers,desc,6,22.2,3,0,0,0,GOOD,"Agency and portfolio site closings | Product launch and campaign pages"
space-blaster-game,games,desc,6,29.2,3,0,0,0,GOOD,"Mobile-first game control pattern for touch UIs | Instantly playable arcade demo for a games portal"
pixel-platformer-game,games,desc,6,25.2,3,0,0,0,GOOD,"Mobile platformer control template | Teaching 2D game physics from scratch"
terms-acceptance-checkbox,forms,text,6,27,3,0,0,0,GOOD,"Account sign-up consent | Checkout agreements"
fab-speed-dial-menu,buttons,desc,6,19.7,3,0,0,0,GOOD,"Compact multi-action toolbars | Learn CSS custom-property-driven stagger animations"
safe-area-sticky-cta-bar,mobile,desc,4,24,3,0,0,0,GOOD,"Product detail page action bars | Any fixed bottom navigation or action bar"
oauth-consent-scopes-screen,forms,desc,4,20,3,0,0,0,GOOD,"Third-party app authorization flows | Integration marketplace permission grants"
async-progress-fill-button,buttons,desc,4,20,3,0,0,0,GOOD,"Multi-step report or export generation | Multi-stage file processing"
app-switcher-overlay,navigation,desc,5,24.8,3,0,0,0,GOOD,"In-app workspace or module switcher | Recent documents or recent workspaces overlay"
canary-rollout-progress-tile,dashboards,desc,4,21.5,3,0,0,0,GOOD,"Internal deploy/release dashboards | CI/CD pipeline status pages"
flyout-icon-rail-nav,navigation,desc,4,24,3,0,0,0,GOOD,"Admin and dashboard primary navigation | Desktop-style productivity and creative tools"
footer-legal-bar,footers,desc,5,24.2,3,0,0,0,GOOD,"GDPR/CCPA-regulated sites | Financial and healthcare sites"
footer-locale-switcher,footers,desc,5,26.2,3,0,0,0,GOOD,"Global e-commerce and SaaS storefronts | Pricing pages with regional currency"
footer-trust-badges-row,footers,desc,5,22.2,3,0,0,0,GOOD,"Checkout and cart pages | Product and pricing pages"
heart-rate-zone-card,cards,desc,6,22,3,0,0,0,GOOD,"Fitness and workout tracking apps | Gym equipment and studio class displays"
incident-status-summary-widget,dashboards,desc,4,20,3,0,0,0,GOOD,"Internal ops and SRE dashboards | Status page admin views"
loader-route-tracking-progress,loaders,desc,4,24,3,0,0,0,GOOD,"Delivery and order tracking screens | Multi-stage pipeline or job progress"
mobile-otp-verification-screen,mobile,desc,4,24.3,3,0,0,0,GOOD,"Phone number and two-factor login flows | Account recovery and password reset"
mobile-profile-edit-screen,mobile,desc,4,19.3,3,0,0,0,GOOD,"Social and community app profile editing | Account settings and onboarding completion"
mobile-search-filters-screen,mobile,desc,4,20,3,0,0,0,GOOD,"Travel and booking apps | Marketplace and e-commerce apps"
number-sequence-memory-game,games,desc,5,28.8,3,0,0,0,GOOD,"Working memory training and cognitive warm-ups | Daily brain-training or puzzle app widget"
precision-aim-trainer-game,games,desc,5,25.8,3,0,0,0,GOOD,"Standalone reflex and precision practice tool | Warm-up mini-game for a gaming or esports-adjacent site"
pricing-single-plan-spotlight,pricing,desc,5,19.8,3,0,0,0,GOOD,"Single-SKU SaaS products | Premium/pro upgrade pages"
unix-timestamp-converter,dev,desc,5,25,3,0,0,0,GOOD,"Debugging log timestamps and JWT expiry claims | Constructing API request payloads"
word-ladder-game,games,desc,5,26.8,3,0,0,0,GOOD,"Vocabulary and spelling practice for classrooms | Daily puzzle widget for a games or brain-training site"
icon-jelly-dock-hover,animations,desc,5,20.4,3,0,0,0,GOOD,"macOS-style application docks | Toolbar and quick-action icon rows"
cursor-spotlight-text-fill,animations,desc,6,22.3,3,0,0,0,GOOD,"Premium and design-forward landing pages | Hero headline that rewards exploration"
variable-font-weight-breathe,animations,desc,6,23.7,3,0,0,0,GOOD,"Type-forward editorial and portfolio sites | Scroll-linked headline weight on long-form pages"
typewriter-glitch-gradient-reveal,animations,desc,6,24.7,3,0,0,0,GOOD,"Product launch and announcement hero moments | Cyberpunk and tech-forward brand headlines"
text-scatter-assemble,animations,desc,6,22.8,3,0,0,0,GOOD,"Hero headline entrance with a sense of construction | Loading and page-ready reveal moments"
scroll-reveal-stagger-columns,scroll,desc,5,15,3,0,0,0,GOOD,"Feature grids and product showcases | Team and portfolio grids"
unit-price-calculator,tools,desc,5,21.6,3,0,0,0,GOOD,"Grocery and bulk shopping decisions | Comparing subscription or bundle tiers"
mastermind-code-breaker-game,games,desc,5,22.4,3,0,0,0,GOOD,"Logic and deduction puzzle collections | Teaching combinatorics and information theory"
sokoban-puzzle-game,games,desc,5,24.4,3,0,0,0,GOOD,"Spatial-reasoning puzzle collections | Teaching grid-based collision detection"
cooldown-ring-button,buttons,desc,5,24.8,3,0,0,0,GOOD,"OTP and verification code resend buttons | Chat and comment send buttons"
mash-to-charge-button,buttons,desc,5,22,3,0,0,0,GOOD,"Gamified claim-a-reward CTAs | Mini-game and event landing pages"
dual-hold-safety-button,buttons,desc,5,24,3,0,0,0,GOOD,"Destructive admin and DevOps actions | Account deletion and irreversible settings changes"
voice-command-nav-menu,navigation,desc,5,22.8,3,0,0,0,GOOD,"Hands-free and accessibility-focused navigation | Kiosk and voice-assistant style product demos"
contextual-subnav-morph,navigation,desc,5,24.8,3,0,0,0,GOOD,"Large marketing and product landing pages | Documentation sites with distinct product areas"
newspaper-column-layout,layouts,desc,5,20.6,3,0,0,0,GOOD,"Long-form article and blog post bodies | Terms, policies, and reference documents"
table-formula-calculated-columns,tables,desc,4,23.8,3,0,0,0,GOOD,"Order, invoice, and purchase-order line items | Budgeting and cost-estimation tools"
footer-newsletter-confirmation-animated,footers,desc,4,17.5,3,0,0,0,GOOD,"Newsletters, blogs, and content publishers | SaaS marketing footers"
mobile-qr-scanner-screen,mobile,desc,4,19,3,0,0,0,GOOD,"Payment and check-in apps | Marketing and promo-code campaigns"
mobile-appearance-settings-screen,mobile,desc,4,20.3,3,0,0,0,GOOD,"Any mobile app settings section | Design system and theme-token demos"
mobile-permission-request-screen,mobile,desc,4,22,3,0,0,0,GOOD,"App onboarding after signup | Feature-gated permission requests"
mobile-medication-reminder-screen,mobile,desc,4,21,3,0,0,0,GOOD,"Medication adherence and health-tracking apps | Supplement and vitamin routine trackers"
footer-saas-plan-links,footers,desc,4,22.8,3,0,0,0,GOOD,"SaaS marketing and blog pages | Product documentation and changelog pages"
footer-careers-teaser,footers,desc,4,20,3,0,0,0,GOOD,"Startup and scale-up marketing sites | Company blog and docs footers"
footer-minimal-spa,footers,desc,4,19.5,3,0,0,0,GOOD,"Dashboard and admin SPAs | Document and note-taking editors"
mobile-delivery-order-tracking-screen,mobile,desc,4,20.5,3,0,0,0,GOOD,"Food and grocery delivery apps | Parcel and courier tracking apps"
mobile-split-bill-screen,mobile,desc,4,19,3,0,0,0,GOOD,"Restaurant and group-dining payment apps | Travel and trip-expense apps"
table-keyboard-cell-navigation,tables,desc,5,18.8,3,0,0,0,GOOD,"Inventory and stock management tools | Admin data-correction grids"
checkers-game,games,desc,5,22.6,3,0,0,0,GOOD,"Classic two-player board game collections | Teaching game-state modeling"
dots-and-boxes-game,games,desc,5,24.8,3,0,0,0,GOOD,"Classic pencil-and-paper game collections | Teaching edge-based (not cell-based) grid modeling"
nonogram-puzzle-game,games,desc,5,25.4,3,0,0,0,GOOD,"Logic puzzle game collections | Teaching run-length encoding"
arc-diagram-chart,charts,desc,5,19.8,3,0,0,0,GOOD,"Organizational and social network analysis | Ordered-sequence relationship data"
loader-heartbeat-pulse-monitor,loaders,text,6,18.7,3,0,0,0,GOOD,"Connection and session verification loaders | Health and fitness dashboard loading states"
edge-swipe-back-navigation,navigation,desc,5,20,3,0,0,0,GOOD,"Mobile app shell prototypes | Hybrid and PWA app navigation"
bootstrap-vertical-tabs-settings,navigation,desc,4,23.8,3,0,0,0,GOOD,"Account and application settings pages | Learning Bootstrap's Tab component lifecycle events"
bootstrap-popover-confirm-delete,modals,desc,4,17,3,0,0,0,GOOD,"Deleting rows from a list or table | Learning manual-trigger Popovers"
bootstrap-date-range-picker,forms,desc,5,22.2,3,0,0,0,GOOD,"Booking and reservation forms | Analytics dashboard filters"
bootstrap-color-picker-swatch,forms,desc,5,20.2,3,0,0,0,GOOD,"Theme and brand color pickers | Design tool and canvas apps"
bootstrap-stepper-wizard-form,forms,desc,5,20.2,3,0,0,0,GOOD,"Account signup and onboarding flows | Checkout and shipping forms"
bootstrap-comment-section-replies,cards,desc,5,21.6,3,0,0,0,GOOD,"Blog post and article comment sections | Community forums and discussion boards"
bootstrap-chat-widget-bubble,modals,desc,5,23.2,3,0,0,0,GOOD,"Customer support widgets | AI chatbot demo interfaces"
bootstrap-error-404-page,layouts,desc,5,20.2,3,0,0,0,GOOD,"Marketing and SaaS site 404 pages | Documentation and help center fallbacks"
bootstrap-coming-soon-page,layouts,desc,5,20,3,0,0,0,GOOD,"Product launch landing pages | Waitlist and early-access signup pages"
bootstrap-invoice-template,tables,desc,5,17,3,0,0,0,GOOD,"Freelance and agency billing | Order confirmation and receipts"
bootstrap-empty-state-placeholder,layouts,desc,5,18.4,3,0,0,0,GOOD,"Empty shopping cart or wishlist | No search results found"
bootstrap-keyboard-shortcut-help-modal,modals,desc,3,17.7,3,0,0,0,GOOD,"Any app with more than a couple of custom keyboard shortcuts | Productivity tools, admin dashboards, and editors"
bootstrap-code-block-with-copy-line-numbers,layouts,desc,3,19,3,0,0,0,GOOD,"Documentation, README pages, and setup guides | API documentation showing example requests"
bootstrap-file-upload-progress,forms,desc,3,23.7,3,0,0,0,GOOD,"Document, resume, or contract upload forms | Any form uploading a single large file"
scroll-holographic-card-tilt-story,scroll,desc,5,20.6,3,0,0,0,GOOD,"Trading card game or collectible showcase | Product tier or pricing story reveal"
scroll-satellite-ground-track-map,scroll,desc,5,19.2,3,0,0,0,GOOD,"Space, aerospace, or satellite-tech product page | Live tracking or logistics dashboard demo"
embla-carousel-thumbnails-gallery,carousels,text,5,28.8,3,0,0,0,GOOD,"Online store photo viewer | Property and vehicle listings"
ai-mode-glow-button,buttons,desc,5,23,3,0,0,0,GOOD,"AI entry points in search bars | Copilot and assistant toggles"